variant	Activity
p.Ala296Arg	-0.494135285882
p.Ala296Asn	-0.672699751979
p.Ala296Asp	-0.739207381892
p.Ala296Glu	-0.82049140479
p.Ala296Gly	-0.402126328881
p.Ala296Ile	-0.648517353756
p.Ala296Leu	-0.681499543951
p.Ala296Phe	-0.74478905692
p.Ala296Ser	-0.00783369391306
p.Ala296Ter	-0.701403072733
p.Ala296Val	-0.344282521092
p.Ala309Ser	-0.312860470961
p.Ala314Arg	-0.566829860741
p.Ala314Asn	-0.528403475021
p.Ala314Asp	-0.659053843371
p.Ala314Cys	-0.399780329091
p.Ala314Gln	-0.513997483646
p.Ala314Glu	-0.810907703364
p.Ala314Gly	0.578289904976
p.Ala314His	-0.681011793158
p.Ala314Ile	-0.599507206073
p.Ala314Leu	-0.723413318257
p.Ala314Lys	-0.53222063654
p.Ala314Met	-0.564422446683
p.Ala314Phe	-0.519317949473
p.Ala314Pro	-0.728643395716
p.Ala314Ser	-0.254733665317
p.Ala314Ter	-0.737493869021
p.Ala314Thr	-0.57943445275
p.Ala314Tyr	-0.611510535968
p.Ala314Val	-0.571157484094
p.Ala330Arg	0.846641018196
p.Ala330Asn	-0.177746575982
p.Ala330Asp	-0.500349680739
p.Ala330Gln	-0.310739781349
p.Ala330Glu	-0.632393404601
p.Ala330Gly	-0.54900578161
p.Ala330His	0.060311233704
p.Ala330Ile	-0.303964922222
p.Ala330Leu	-0.432932749704
p.Ala330Lys	1.20135061471
p.Ala330Met	-0.382175305664
p.Ala330Phe	0.335411060255
p.Ala330Pro	-0.811613988489
p.Ala330Ser	-0.0720902404612
p.Ala330Trp	0.425933222246
p.Ala330Tyr	0.443654232916
p.Ala330Val	-0.455421901204
p.Ala370Arg	-0.78395820298
p.Ala370Asn	-0.59957316083
p.Ala370Asp	-0.445157365176
p.Ala370Gln	-0.351733829044
p.Ala370Glu	-0.493403248929
p.Ala370Gly	-0.182417864457
p.Ala370His	-0.617803405633
p.Ala370Ile	0.552498075007
p.Ala370Leu	0.101534590328
p.Ala370Lys	-0.533904361786
p.Ala370Met	0.443869595591
p.Ala370Phe	-0.518467839792
p.Ala370Pro	-0.580726751431
p.Ala370Ser	0.235683402403
p.Ala370Ter	-0.768209795634
p.Ala370Thr	-0.0427864399042
p.Ala370Tyr	-0.707297873597
p.Ala370Val	0.209327082791
p.Ala371Arg	0.165163490151
p.Ala371Asp	-0.0803716358185
p.Ala371Cys	-0.180564335775
p.Ala371Gln	0.280960906173
p.Ala371Gly	0.0843992357662
p.Ala371Ile	-0.0770008705805
p.Ala371Leu	-0.175961001794
p.Ala371Phe	-0.259894325487
p.Ala371Pro	-0.575547034561
p.Ala371Ser	0.00449829872372
p.Ala371Ter	-0.847863227719
p.Ala371Thr	0.0729505485998
p.Ala371Trp	-0.404588539008
p.Ala371Val	0.452805637884
p.Ala374Arg	-0.534793003111
p.Ala374Asn	-0.166385355614
p.Ala374Asp	-0.296558743099
p.Ala374Cys	0.713623175116
p.Ala374Gln	-0.684783358465
p.Ala374Gly	-0.272984946129
p.Ala374Ile	-0.122239839955
p.Ala374Leu	0.0302125683554
p.Ala374Lys	-0.566036664149
p.Ala374Met	0.290139375052
p.Ala374Phe	-0.451335130064
p.Ala374Pro	-0.618412390399
p.Ala374Ser	0.168754423267
p.Ala374Ter	-0.712649087321
p.Ala374Thr	0.325569846947
p.Ala374Tyr	-0.723310015278
p.Ala374Val	0.130552506109
p.Ala378Arg	0.702663187337
p.Ala378Asn	0.718955772
p.Ala378Asp	1.28947330332
p.Ala378Cys	0.176758652939
p.Ala378Gly	0.475994778156
p.Ala378His	0.489007471295
p.Ala378Ile	3.69056596138
p.Ala378Leu	1.19093143415
p.Ala378Lys	0.566859674105
p.Ala378Met	0.831502590351
p.Ala378Pro	-0.763868887957
p.Ala378Ser	0.247305789742
p.Ala378Thr	0.646908612609
p.Ala378Tyr	0.283339429829
p.Ala378Val	1.42777931615
p.Ala392Gly	0.079906317657
p.Ala392Ile	-0.150864185267
p.Ala392Pro	-0.559433407943
p.Ala392Val	-0.0351454841135
p.Ala393Arg	-0.753186383029
p.Ala393Asp	1.29495044025
p.Ala393Cys	-0.174179302311
p.Ala393Gln	-0.461605956241
p.Ala393Glu	0.336875888767
p.Ala393Gly	-0.474899862004
p.Ala393Ile	-0.72183320912
p.Ala393Leu	-0.701440210329
p.Ala393Lys	-0.723211058921
p.Ala393Phe	-0.923437471387
p.Ala393Pro	-0.376893984673
p.Ala393Ser	-0.177209932516
p.Ala393Tyr	0.495265359561
p.Ala393Val	-0.175912758078
p.Ala406Arg	-0.737520067354
p.Ala406Asn	-0.47383174603
p.Ala406Asp	-0.106731381184
p.Ala406Glu	-0.59549067866
p.Ala406Gly	-0.106297580234
p.Ala406Ile	-0.611176738151
p.Ala406Leu	-0.751698946289
p.Ala406Lys	-0.592676526317
p.Ala406Pro	-0.755233151335
p.Ala406Ser	-0.331796326771
p.Ala406Ter	-0.81941186334
p.Ala406Thr	-0.440105248113
p.Ala406Tyr	-0.821515391512
p.Ala406Val	-0.621046368892
p.Ala411Arg	-0.680231514649
p.Ala411Asn	-0.726600021699
p.Ala411Asp	-0.864865754709
p.Ala411Gln	-0.654635287242
p.Ala411Glu	-0.811759345922
p.Ala411Gly	-0.673014877016
p.Ala411His	-0.666721544909
p.Ala411Ile	-0.651440828605
p.Ala411Leu	-0.638783677109
p.Ala411Met	-0.406633159482
p.Ala411Ser	-0.131885544357
p.Ala411Ter	-0.855555689609
p.Ala411Thr	-0.363415995514
p.Ala411Tyr	-1.02468765039
p.Ala411Val	-0.520945802465
p.Ala421Arg	-0.628755144838
p.Ala421Asn	-0.569395963894
p.Ala421Asp	-0.74560913655
p.Ala421Cys	-0.35097728704
p.Ala421Gln	-0.402664167547
p.Ala421Glu	-0.685398181826
p.Ala421Gly	-0.437299731147
p.Ala421His	-0.646873723194
p.Ala421Ile	-0.638983894427
p.Ala421Leu	-0.461327028596
p.Ala421Lys	-0.584901097321
p.Ala421Met	-0.304369411683
p.Ala421Phe	-0.511151130575
p.Ala421Pro	-0.485399737697
p.Ala421Ser	-0.547479241128
p.Ala421Ter	-0.589527666852
p.Ala421Thr	-0.499839956632
p.Ala421Trp	-0.443430616412
p.Ala421Tyr	-0.674106096845
p.Ala421Val	-0.372963630334
p.Ala425Arg	-0.596529072144
p.Ala425Asn	-0.340764235005
p.Ala425Asp	-0.254707041172
p.Ala425Cys	-0.0719875136626
p.Ala425Gln	-0.609148420921
p.Ala425Glu	-0.606578387861
p.Ala425Gly	0.057430168047
p.Ala425His	-0.526041639824
p.Ala425Ile	-0.599131527835
p.Ala425Leu	-0.523544503173
p.Ala425Lys	-0.606843210937
p.Ala425Met	-0.422768477794
p.Ala425Phe	-0.238407883475
p.Ala425Pro	-0.680126049434
p.Ala425Ser	1.68020429014
p.Ala425Ter	-0.616379695483
p.Ala425Trp	-0.206064083128
p.Ala425Tyr	-0.414956803723
p.Ala425Val	-0.567341545926
p.Ala433Arg	-0.725777969148
p.Ala433Asn	-0.71895043277
p.Ala433Asp	-0.100133354233
p.Ala433Cys	-0.186557958099
p.Ala433Gln	-0.663631272034
p.Ala433Glu	-0.386599992144
p.Ala433Gly	0.0728296066091
p.Ala433His	-0.790586235314
p.Ala433Ile	-0.770243718868
p.Ala433Leu	-0.74356740737
p.Ala433Lys	-0.694082989787
p.Ala433Met	-0.755385315691
p.Ala433Phe	-0.75246321741
p.Ala433Pro	1.06162145549
p.Ala433Ser	0.167671066247
p.Ala433Ter	-0.867774059482
p.Ala433Thr	-0.560572387193
p.Ala433Trp	-0.66455456861
p.Ala433Tyr	-0.70707349413
p.Ala433Val	-0.702011887589
p.Ala436Val	-0.479367421368
p.Ala437Arg	-0.600550390453
p.Ala437Cys	-0.362900992116
p.Ala437Gly	0.542732316785
p.Ala437Ile	-0.497093786422
p.Ala437Leu	-0.635799316066
p.Ala437Lys	-0.554914546201
p.Ala437Thr	-1.03922765648
p.Ala437Val	-0.630829470209
p.Arg271Ala	-0.0617007243761
p.Arg271Asp	0.217911436429
p.Arg271Gln	-0.198619955012
p.Arg271Gly	-0.0406160163943
p.Arg271Lys	-0.296250530354
p.Arg271Pro	0.0558306922094
p.Arg271Ser	-0.0358675445144
p.Arg271Thr	-0.563721529655
p.Arg271Trp	0.377421153993
p.Arg271Tyr	-0.186993131557
p.Arg271Val	-0.00694985043337
p.Arg294Ala	-0.343426565728
p.Arg294Asn	-0.357296941702
p.Arg294Asp	-0.584647133984
p.Arg294Cys	-0.0984352058398
p.Arg294Gln	-0.252890345989
p.Arg294Glu	-0.431413669327
p.Arg294Gly	0.0236547634634
p.Arg294His	-0.198695194365
p.Arg294Ile	0.197470908083
p.Arg294Leu	0.163329364645
p.Arg294Lys	-0.410839561751
p.Arg294Met	-0.204947714355
p.Arg294Phe	0.345141048848
p.Arg294Pro	-0.122181969974
p.Arg294Ser	-0.194226960728
p.Arg294Ter	-0.768856404388
p.Arg294Thr	2.70367359087
p.Arg294Trp	1.47491288972
p.Arg294Tyr	-0.080379531975
p.Arg294Val	-0.0208081234459
p.Arg321Ala	0.0725236162172
p.Arg321Gly	0.255635467037
p.Arg321His	0.550475979842
p.Arg321Leu	-0.413919870502
p.Arg321Lys	-0.524271272855
p.Arg321Met	-0.428118647899
p.Arg321Phe	-0.0607793805078
p.Arg321Pro	-0.431090764561
p.Arg321Ser	0.139340619164
p.Arg321Thr	0.0935843771052
p.Arg321Trp	0.279845096678
p.Arg321Tyr	-0.0547646150364
p.Arg362Ala	-0.235355392826
p.Arg362Asn	-0.194479525728
p.Arg362Asp	-0.165508629434
p.Arg362Glu	-0.415400052317
p.Arg362Gly	-0.166039697632
p.Arg362His	-0.0779839477516
p.Arg362Ile	-0.192999760683
p.Arg362Leu	-0.207300227468
p.Arg362Lys	-0.0651112221873
p.Arg362Met	0.0132274564745
p.Arg362Pro	-0.175961597548
p.Arg362Ser	-0.193250032492
p.Arg362Ter	-0.87693512666
p.Arg362Thr	-0.0261164808587
p.Arg362Trp	0.572415864539
p.Arg362Tyr	0.247296058662
p.Arg362Val	-0.367848162173
p.Arg382Ala	0.243556726588
p.Arg382Asn	0.11335363838
p.Arg382Asp	0.274668259683
p.Arg382Gly	0.546260404176
p.Arg382His	0.0908718001992
p.Arg382Ile	-0.294470266383
p.Arg382Leu	0.0557990461118
p.Arg382Lys	-0.0608105018824
p.Arg382Met	0.0137853879492
p.Arg382Pro	-0.562777657409
p.Arg382Ser	0.0997580411647
p.Arg382Thr	0.272666140236
p.Arg382Tyr	1.0578458999
p.Arg382Val	0.0713516893793
p.Arg388Asn	-0.840769185552
p.Arg388Asp	-0.579835097383
p.Arg388Gln	-0.389827416023
p.Arg388Gly	-0.804859041169
p.Arg388His	-0.711302600081
p.Arg388Ile	-0.438797705496
p.Arg388Leu	-0.652815000218
p.Arg388Lys	1.50491422345
p.Arg388Phe	-0.6593088978
p.Arg388Pro	-0.630941135484
p.Arg388Ser	-0.672991728766
p.Arg388Thr	-0.712327724376
p.Arg388Tyr	-0.804897083522
p.Arg388Val	0.249446225886
p.Arg391Ala	-0.593595019057
p.Arg391Asn	-0.628878392575
p.Arg391Asp	-0.741465475179
p.Arg391Cys	-0.69893744758
p.Arg391Gln	-0.689905775858
p.Arg391Glu	-0.680382403896
p.Arg391Gly	-0.654223923398
p.Arg391His	-0.505751727769
p.Arg391Ile	-0.584974370428
p.Arg391Leu	-0.682081690983
p.Arg391Lys	-0.692429267774
p.Arg391Phe	-0.406809255615
p.Arg391Pro	-0.742397898851
p.Arg391Ser	-0.792738726102
p.Arg391Ter	-0.319342451317
p.Arg391Thr	-0.715596301013
p.Arg391Tyr	-0.774824212353
p.Arg391Val	-0.83838226374
p.Arg412Ala	-0.733346671678
p.Arg412Asn	-0.575174480964
p.Arg412Asp	-0.650547440932
p.Arg412Cys	-0.608037809594
p.Arg412Gln	-0.347404212972
p.Arg412Glu	-0.424954284403
p.Arg412Gly	-0.704608690411
p.Arg412His	-0.738964285723
p.Arg412Leu	-0.621741316527
p.Arg412Phe	-0.59393755165
p.Arg412Pro	-0.81311654705
p.Arg412Ser	1.60778551101
p.Arg412Ter	-0.696625889026
p.Arg412Thr	-0.456913448509
p.Arg412Trp	-0.679757064474
p.Arg412Tyr	-0.648187005559
p.Arg412Val	-0.538471556678
p.Arg422Ala	-0.299423409962
p.Arg422Asn	-0.241692385553
p.Arg422Asp	-0.479630915565
p.Arg422Cys	-0.213014867693
p.Arg422Gln	-0.161076314659
p.Arg422Glu	-0.363742746373
p.Arg422Gly	0.172355945485
p.Arg422His	0.102523057849
p.Arg422Ile	-0.629107808243
p.Arg422Leu	-0.497871317914
p.Arg422Lys	-0.235060609289
p.Arg422Met	-0.301218379441
p.Arg422Phe	-0.585943855025
p.Arg422Pro	-0.267442501088
p.Arg422Ser	0.396227089237
p.Arg422Ter	-0.706210471874
p.Arg422Thr	-0.227441796896
p.Arg422Trp	-0.554557216754
p.Arg422Tyr	-0.432599420525
p.Arg422Val	-0.564445933335
p.Arg441Ala	-0.247528926003
p.Arg441Asn	-0.441152066422
p.Arg441Asp	-0.736093896752
p.Arg441Cys	-0.0270489190465
p.Arg441Gln	-0.226052538776
p.Arg441Glu	-0.661923226525
p.Arg441Gly	0.223078155764
p.Arg441His	0.6353392582
p.Arg441Ile	-0.0151676021231
p.Arg441Leu	-0.374233291081
p.Arg441Lys	0.111647394671
p.Arg441Met	-0.303100115773
p.Arg441Phe	-0.248627498812
p.Arg441Pro	-0.246128708259
p.Arg441Ser	0.0367039979014
p.Arg441Ter	-0.842954150863
p.Arg441Thr	0.0924250491839
p.Arg441Trp	-0.186032722055
p.Arg441Tyr	-0.256671729012
p.Arg441Val	-0.0463433811818
p.Arg463Ala	-0.295174439754
p.Arg463Asp	-0.378030322725
p.Arg463Cys	-0.343439893602
p.Arg463Gln	-0.247508273109
p.Arg463Gly	-0.286564487398
p.Arg463His	-0.188106198405
p.Arg463Ile	-0.204667011317
p.Arg463Leu	0.114797848964
p.Arg463Lys	-0.370774731172
p.Arg463Met	-0.0572930689137
p.Arg463Phe	-0.365067525281
p.Arg463Pro	-0.708353031718
p.Arg463Ser	-0.181650570444
p.Arg463Ter	-0.595528929415
p.Arg463Thr	0.0168881060313
p.Arg463Val	0.0549161380719
p.Arg472Ala	-0.23103253167
p.Arg472Asp	-0.513729911583
p.Arg472Cys	-0.0607052096845
p.Arg472Gln	0.276607319901
p.Arg472Glu	-0.609920714442
p.Arg472Gly	-0.236399606736
p.Arg472His	0.0867539693389
p.Arg472Ile	-0.0103417712617
p.Arg472Leu	0.347150048396
p.Arg472Met	0.142307703543
p.Arg472Phe	0.263410727696
p.Arg472Pro	0.0314684469678
p.Arg472Ser	0.0756578033121
p.Arg472Ter	-0.887539419453
p.Arg472Thr	-0.248444190994
p.Arg472Tyr	0.492612811824
p.Arg472Val	0.0799911631722
p.Arg480Ala	-0.14114254398
p.Arg480Asn	-0.424082761528
p.Arg480Asp	-0.239951824385
p.Arg480Cys	-0.104403298997
p.Arg480Gln	-0.145163250466
p.Arg480Glu	-0.222242290935
p.Arg480Gly	-0.192264356711
p.Arg480His	-0.181042827324
p.Arg480Ile	0.134616969637
p.Arg480Leu	-0.0409363693832
p.Arg480Lys	-0.14087561748
p.Arg480Met	-0.00787149983
p.Arg480Phe	0.880220369359
p.Arg480Pro	-0.449026411091
p.Arg480Ser	-0.256646101357
p.Arg480Ter	-0.728644649417
p.Arg480Thr	-0.198027314712
p.Arg480Tyr	0.430793777866
p.Arg480Val	0.035969568015
p.Arg483Ala	-0.304062289839
p.Arg483Asn	0.0490530535318
p.Arg483Asp	-0.704475431499
p.Arg483Cys	-0.0687601899995
p.Arg483Gln	0.305420240432
p.Arg483Glu	-0.399708539878
p.Arg483Gly	-0.550582584269
p.Arg483His	0.288224818677
p.Arg483Ile	0.435723548799
p.Arg483Leu	0.085256701321
p.Arg483Lys	0.097673861697
p.Arg483Met	0.0931854725238
p.Arg483Phe	-0.00331183149704
p.Arg483Pro	-0.736062141265
p.Arg483Ser	-0.20745684195
p.Arg483Ter	-0.744076082971
p.Arg483Thr	0.355263681347
p.Arg483Trp	-0.339081693851
p.Arg483Tyr	0.231719473629
p.Arg483Val	0.228190824149
p.Arg503Ala	0.106763156527
p.Arg503Asn	0.27350378947
p.Arg503Asp	0.357777813553
p.Arg503Cys	0.125654013863
p.Arg503Gln	0.0936486500578
p.Arg503Glu	-0.134382789223
p.Arg503Gly	0.053530082988
p.Arg503His	0.0740915444723
p.Arg503Ile	-0.125466445308
p.Arg503Leu	0.0939771488986
p.Arg503Lys	0.0516456329533
p.Arg503Met	-0.0769889191771
p.Arg503Phe	0.256188961454
p.Arg503Pro	-0.21608947304
p.Arg503Ser	0.0900639274698
p.Arg503Ter	-0.693490088636
p.Arg503Thr	0.0480795664207
p.Arg503Trp	0.179592390257
p.Arg503Tyr	0.211891064944
p.Arg503Val	-0.0315160089608
p.Arg509Ala	-0.781605289331
p.Arg509Asn	-0.713854994122
p.Arg509Asp	-0.336845777255
p.Arg509Cys	-0.675988845618
p.Arg509Gln	-0.761633428349
p.Arg509Glu	-0.70457417451
p.Arg509Gly	-0.798690705933
p.Arg509His	-0.66593161857
p.Arg509Ile	-0.821971297923
p.Arg509Leu	-0.453341051592
p.Arg509Lys	-0.81728714764
p.Arg509Met	-0.747023449283
p.Arg509Phe	-0.666668656847
p.Arg509Pro	-0.666983747143
p.Arg509Ser	-0.760111632692
p.Arg509Ter	-0.615596702938
p.Arg509Thr	-0.767554342081
p.Arg509Trp	-0.689471461681
p.Arg509Tyr	-0.791745479059
p.Arg509Val	-0.695299630657
p.Asn290Ala	0.103943686494
p.Asn290Arg	-0.129776600647
p.Asn290Asp	0.533959805839
p.Asn290Cys	0.0787317019679
p.Asn290Gln	-0.0221593070359
p.Asn290Glu	0.0244343145245
p.Asn290Gly	-0.0590949657952
p.Asn290His	0.192026281777
p.Asn290Ile	-0.0271088450957
p.Asn290Leu	-0.131523452514
p.Asn290Lys	-0.158390657736
p.Asn290Met	-0.130199731577
p.Asn290Phe	0.452055386907
p.Asn290Pro	0.424369021101
p.Asn290Ser	0.0940561562277
p.Asn290Ter	-0.774931258819
p.Asn290Thr	0.0489058087094
p.Asn290Trp	0.62875783972
p.Asn290Tyr	0.430450143272
p.Asn290Val	0.132199276115
p.Asn384Ala	-0.0401008258292
p.Asn384Arg	0.154291479158
p.Asn384Asp	-0.411672060452
p.Asn384Cys	-0.0540970624285
p.Asn384Gln	-0.0222423061564
p.Asn384Glu	-0.210448137361
p.Asn384Gly	0.125315970442
p.Asn384Ile	1.2156202623
p.Asn384Leu	-0.0680772948325
p.Asn384Met	0.298783190864
p.Asn384Phe	-0.019358492588
p.Asn384Pro	0.816759336615
p.Asn384Ser	0.241714428513
p.Asn384Ter	-0.812122085479
p.Asn384Tyr	-0.374675655419
p.Asn384Val	-0.859030491744
p.Asn394Ala	-0.710304988383
p.Asn394Arg	-0.723522367243
p.Asn394Asp	-0.763880556619
p.Asn394Cys	-0.718607711179
p.Asn394Gln	-0.665924548899
p.Asn394Gly	-0.933308789568
p.Asn394His	-0.988358362628
p.Asn394Ile	-0.654814559798
p.Asn394Leu	-0.672271049239
p.Asn394Met	-0.130448189441
p.Asn394Phe	-0.543294396327
p.Asn394Pro	-0.715880901612
p.Asn394Ser	-0.569995065577
p.Asn394Tyr	-0.725139229585
p.Asn394Val	-0.758574469861
p.Asn400Ile	-0.140434017387
p.Asn417Ala	-0.345425094942
p.Asn417Arg	-0.241939531469
p.Asn417Cys	-0.010956463561
p.Asn417Gln	-0.211034738264
p.Asn417Glu	0.169738402796
p.Asn417Gly	0.580703367924
p.Asn417His	0.924319476829
p.Asn417Ile	-0.0741096066512
p.Asn417Leu	-0.411650835175
p.Asn417Lys	-0.330204953185
p.Asn417Met	-0.270014799795
p.Asn417Pro	-0.667848330655
p.Asn417Ser	-0.1279112492
p.Asn417Ter	-0.797812450659
p.Asn417Thr	-0.0594728625011
p.Asn471Ala	-0.44705717076
p.Asn471Arg	-0.582762728828
p.Asn471Asp	-0.820866050332
p.Asn471Cys	-0.614609891811
p.Asn471Gln	-0.485958447278
p.Asn471Glu	-0.763706437387
p.Asn471Gly	-0.375153360588
p.Asn471His	-0.115453463237
p.Asn471Ile	-0.2390954135
p.Asn471Leu	-0.310304628802
p.Asn471Lys	-0.208310057847
p.Asn471Met	-0.221713919719
p.Asn471Phe	-0.728974714037
p.Asn471Pro	-0.252787951494
p.Asn471Ser	-0.60022695155
p.Asn471Ter	-0.757145081022
p.Asn471Thr	-0.459957108573
p.Asn471Trp	-0.854622098682
p.Asn471Tyr	-0.665841586147
p.Asn471Val	-0.424833523912
p.Asp351Ala	-0.333197138768
p.Asp351Arg	-0.47512101403
p.Asp351Asn	-0.35485741591
p.Asp351Cys	-0.206330405386
p.Asp351Gln	-0.196543223337
p.Asp351Glu	0.0389423637225
p.Asp351Gly	-0.264059062597
p.Asp351His	-0.30293101116
p.Asp351Ile	-0.263068794112
p.Asp351Leu	-0.381311449847
p.Asp351Lys	-0.35676149366
p.Asp351Met	-0.494280353142
p.Asp351Phe	-0.373897049313
p.Asp351Pro	-0.554099037587
p.Asp351Ser	-0.226951802574
p.Asp351Ter	-0.628917686097
p.Asp351Thr	-0.402985884913
p.Asp351Tyr	-0.748268065326
p.Asp351Val	-0.43819334339
p.Asp368Ala	0.328260521751
p.Asp368Arg	0.784663675001
p.Asp368Asn	0.446642532357
p.Asp368Gln	0.26013331795
p.Asp368Gly	0.279536285065
p.Asp368His	0.138174166647
p.Asp368Ile	0.310998040159
p.Asp368Leu	0.338946055497
p.Asp368Phe	0.650101867088
p.Asp368Pro	0.46420180437
p.Asp368Ser	0.299613638712
p.Asp368Ter	-0.612291117586
p.Asp368Thr	0.311127754465
p.Asp368Trp	0.242745531696
p.Asp368Tyr	0.279788211293
p.Asp368Val	0.447406174357
p.Asp389Ala	-0.765290069488
p.Asp389Arg	-0.599748286308
p.Asp389Asn	-0.724557522373
p.Asp389Gly	-0.735839084564
p.Asp389His	-0.871247633699
p.Asp389Ile	-0.600446776688
p.Asp389Leu	-0.736545889628
p.Asp389Met	-0.515035419719
p.Asp389Phe	-0.72743530933
p.Asp389Pro	-0.592387835549
p.Asp389Ser	-0.686254594696
p.Asp389Ter	-0.774508447626
p.Asp389Tyr	-0.666814609379
p.Asp389Val	-0.766248621438
p.Asp407Asn	-0.870582933029
p.Asp407Cys	-0.664868496521
p.Asp407Glu	-0.681036141384
p.Asp407Gly	-0.552699243139
p.Asp407His	-0.593479876481
p.Asp407Ile	-0.53344712113
p.Asp407Leu	-0.813297917277
p.Asp407Lys	0.341440854511
p.Asp407Phe	-0.721003392242
p.Asp407Ser	-0.713814650911
p.Asp407Thr	-0.42783116445
p.Asp407Trp	-0.786592061814
p.Asp407Tyr	-0.611607884886
p.Asp407Val	-0.6837147458
p.Asp416Ile	-0.514900093833
p.Asp416Thr	-0.52931833457
p.Asp416Val	0.396436077265
p.Asp447Ala	-0.557508239489
p.Asp447Arg	-0.601961062297
p.Asp447Asn	-0.579162464308
p.Asp447Glu	-0.22587012082
p.Asp447Gly	-0.735855399093
p.Asp447His	-0.693298002379
p.Asp447Ile	-0.736459799319
p.Asp447Leu	-0.75934078756
p.Asp447Lys	-0.697407126086
p.Asp447Met	-1.04231887137
p.Asp447Pro	-0.669186106229
p.Asp447Ser	-0.591624704023
p.Asp447Ter	-0.846132897399
p.Asp447Thr	-0.793138935361
p.Asp447Tyr	-0.486340991616
p.Asp447Val	-0.694768739664
p.Asp476Ser	-0.117530050798
p.Asp476Tyr	0.117900946953
p.Asp476Val	0.177724518559
p.Asp496Arg	0.459181030033
p.Asp496Leu	0.373419653221
p.Asp496Tyr	0.234914200807
p.Asp496Val	-0.0194231268102
p.Cys280Ala	0.0947375312809
p.Cys280Arg	-0.634502832233
p.Cys280Asn	-0.254209675062
p.Cys280Asp	-0.684497465756
p.Cys280Gly	-0.562091768481
p.Cys280His	0.387783336837
p.Cys280Ile	-0.66490453753
p.Cys280Leu	-0.62020953411
p.Cys280Lys	-0.826235916772
p.Cys280Met	-0.525622521759
p.Cys280Phe	-0.048728423090300003
p.Cys280Pro	-0.744723649677
p.Cys280Ser	-0.354357932803
p.Cys280Ter	-0.663007575406
p.Cys280Thr	-0.599129759175
p.Cys280Tyr	0.503763189053
p.Cys280Val	-0.474907832598
p.Cys403Ala	-0.0941650066673
p.Cys403Arg	-0.595755083357
p.Cys403Gln	-0.466725842425
p.Cys403Glu	-0.686059020576
p.Cys403Gly	-0.477310347499
p.Cys403Ile	0.110783379049
p.Cys403Leu	-0.0517513000892
p.Cys403Lys	-0.605517816813
p.Cys403Met	0.150996072819
p.Cys403Phe	-0.068278415732
p.Cys403Ser	-0.260138340746
p.Cys403Ter	-0.600412799481
p.Cys403Tyr	0.183275290425
p.Cys403Val	0.163113659946
p.Cys486Ala	0.175906598988
p.Cys486Arg	-0.345487470206
p.Cys486Gln	-0.0652144538288
p.Cys486Glu	-0.442910394451
p.Cys486Gly	-0.108623170362
p.Cys486Leu	0.0296796143697
p.Cys486Lys	0.125476981374
p.Cys486Met	0.517406427462
p.Cys486Pro	0.152637838847
p.Cys486Ser	0.153808904622
p.Cys486Thr	-0.222892626401
p.Cys486Val	0.0785097034545
p.Cys490Ala	0.308815058365
p.Cys490Arg	-0.558059849834
p.Cys490Asp	-0.385459414445
p.Cys490Gly	-0.390984394788
p.Cys490Ile	-0.418861583072
p.Cys490Leu	-0.109211441593
p.Cys490Lys	-0.804074043487
p.Cys490Met	-0.125329258467
p.Cys490Ser	0.0256019768316
p.Cys490Thr	0.227576043818
p.Cys490Val	-0.0538262827742
p.Cys499Ala	-0.101662850482
p.Cys499Arg	0.323468760939
p.Cys499Gln	0.0789758583534
p.Cys499Gly	0.144489661081
p.Cys499His	0.209248379896
p.Cys499Leu	0.350509499658
p.Cys499Lys	0.445160467019
p.Cys499Met	-0.0833558711115
p.Cys499Pro	-0.380810939602
p.Cys499Ser	0.118964936181
p.Cys499Thr	-0.0644786750964
p.Cys499Trp	0.43446756512
p.Cys499Tyr	0.927142255294
p.Cys499Val	-0.0490954327774
p.Cys501Ala	-0.0837400253852
p.Cys501Arg	-0.713013868702
p.Cys501Asn	0.158037501053
p.Cys501Asp	0.283085772089
p.Cys501Glu	-0.321464371702
p.Cys501Gly	-0.0349544292239
p.Cys501His	-0.468646357413
p.Cys501Ile	-0.120230861455
p.Cys501Leu	0.313384758723
p.Cys501Met	-0.0646301816099
p.Cys501Pro	-0.652579848292
p.Cys501Ser	-0.105512467402
p.Cys501Thr	0.0519725692819
p.Cys501Trp	-0.904771103045
p.Cys501Val	0.141966999235
p.Gln278Ala	0.0301065471659
p.Gln278Arg	-0.465180523822
p.Gln278Asn	-0.581912731086
p.Gln278Asp	-0.397964468736
p.Gln278Cys	-0.113375621536
p.Gln278Glu	1.42134947321
p.Gln278Gly	-0.418505712415
p.Gln278His	-0.180715350471
p.Gln278Ile	-0.438182504541
p.Gln278Leu	-0.581380867476
p.Gln278Lys	-0.571048346339
p.Gln278Met	-0.404221752914
p.Gln278Phe	-0.242021441754
p.Gln278Pro	-0.698114707603
p.Gln278Ser	0.175965390969
p.Gln278Ter	-0.692481198163
p.Gln278Thr	-0.46017898635
p.Gln278Tyr	-0.436226047617
p.Gln278Val	-0.482233380984
p.Gln312Arg	-0.154561760338
p.Gln312Asn	0.189584691455
p.Gln312Asp	0.151639032266
p.Gln312Cys	-0.0972255991611
p.Gln312Glu	0.225372453675
p.Gln312Gly	0.266547246349
p.Gln312His	-0.32732309942
p.Gln312Ile	-0.389931567081
p.Gln312Leu	-0.211990281299
p.Gln312Lys	-0.110831540453
p.Gln312Met	-0.0444071161535
p.Gln312Phe	0.272936992076
p.Gln312Pro	-0.692769985796
p.Gln312Ser	-0.389300096992
p.Gln312Ter	-0.744918197448
p.Gln312Thr	-0.226701263119
p.Gln312Trp	-0.379110388792
p.Gln312Tyr	0.00853805057384
p.Gln312Val	-0.421823040945
p.Gln315Ala	0.326636202323
p.Gln315Arg	-0.268049786529
p.Gln315Asn	0.41847651086
p.Gln315Asp	0.402461144463
p.Gln315Cys	-0.0367878694408
p.Gln315Glu	-0.0147449145342
p.Gln315Gly	0.328807047435
p.Gln315His	-0.0902701018859
p.Gln315Ile	-0.358353182958
p.Gln315Leu	-0.24056367274
p.Gln315Lys	-0.163788748908
p.Gln315Met	0.00421670610816
p.Gln315Phe	-0.294380555831
p.Gln315Pro	-0.931694233071
p.Gln315Ser	-0.0651508458447
p.Gln315Thr	-0.0828728206065
p.Gln315Tyr	-0.335731759191
p.Gln315Val	-0.553588265503
p.Gln327Ala	-0.190233708579
p.Gln327Arg	-0.0157361498355
p.Gln327Asn	0.0890810327321
p.Gln327Asp	1.81585852104
p.Gln327Glu	0.224355957248
p.Gln327Gly	-0.334686770888
p.Gln327His	0.442276585685
p.Gln327Ile	0.0782382659291
p.Gln327Leu	0.0886111540642
p.Gln327Lys	0.0313239278719
p.Gln327Met	-0.0280979328517
p.Gln327Phe	0.357410474724
p.Gln327Pro	0.2900036874
p.Gln327Ser	0.269903576621
p.Gln327Ter	-0.842520335042
p.Gln327Thr	0.670828692795
p.Gln327Tyr	0.0409710515152
p.Gln327Val	0.246389088644
p.Gln365Met	1.9587069661
p.Gln365Ser	0.0536768955576
p.Gln372Ala	0.0765762405873
p.Gln372Arg	0.542410853778
p.Gln372Gly	-0.740469041364
p.Gln372His	-0.277967382335
p.Gln372Ile	-0.109503046603
p.Gln372Leu	-0.901230406649
p.Gln372Lys	0.47315983872
p.Gln372Met	-0.142206589853
p.Gln372Phe	-0.343339379811
p.Gln372Pro	-0.591749436167
p.Gln372Ser	-0.225849159082
p.Gln372Tyr	-0.388784263192
p.Gln372Val	-0.388319602683
p.Gln423Ala	0.379458913239
p.Gln423Arg	-0.0332463581856
p.Gln423Asn	-0.388494649434
p.Gln423Asp	-0.485942984997
p.Gln423Cys	-0.335926759756
p.Gln423Glu	-0.0534624687984
p.Gln423Gly	-0.379723815099
p.Gln423His	-0.204620011621
p.Gln423Ile	0.237423656955
p.Gln423Leu	-0.0245888921416
p.Gln423Lys	-0.422502675496
p.Gln423Met	0.21822722544
p.Gln423Phe	2.59072727876
p.Gln423Pro	0.347499527572
p.Gln423Ser	-0.212028663524
p.Gln423Ter	-0.805931388365
p.Gln423Thr	-0.287455857555
p.Gln423Tyr	0.284504962788
p.Gln423Val	0.285172015112
p.Gln477Ala	0.107401468776
p.Gln477Arg	0.396473278588
p.Gln477Asn	0.184108782685
p.Gln477Asp	0.293826107538
p.Gln477Glu	0.203629544146
p.Gln477Gly	-0.0668479117091
p.Gln477His	0.253366331023
p.Gln477Ile	0.441270737271
p.Gln477Leu	0.897048594207
p.Gln477Lys	0.128538182754
p.Gln477Met	0.386996539734
p.Gln477Phe	0.449924095229
p.Gln477Pro	0.194037395429
p.Gln477Ser	0.03224861726
p.Gln477Ter	-0.662504201403
p.Gln477Thr	0.172637639939
p.Gln477Trp	1.209954779
p.Gln477Tyr	0.419155877673
p.Gln477Val	0.443414800229
p.Gln500Ala	0.192480690905
p.Gln500Arg	0.0815123135893
p.Gln500Asn	-0.720267949459
p.Gln500Asp	0.346755859602
p.Gln500Cys	0.442778753803
p.Gln500Glu	0.173445926435
p.Gln500Gly	-0.0236247843027
p.Gln500His	0.516939975422
p.Gln500Ile	0.331251977271
p.Gln500Leu	0.116898251986
p.Gln500Lys	0.00467279086533
p.Gln500Met	0.365492759038
p.Gln500Phe	0.339167634002
p.Gln500Pro	-0.583395512773
p.Gln500Ser	0.0235615750713
p.Gln500Ter	-0.751780119724
p.Gln500Thr	-0.125939930578
p.Gln500Trp	0.642076565941
p.Gln500Tyr	0.306184131068
p.Gln500Val	0.395773917012
p.Gln516Ala	-0.0612014751421
p.Gln516Arg	0.436420772299
p.Gln516Asp	-0.317919365865
p.Gln516Cys	0.200424389217
p.Gln516Gly	-0.0307240385167
p.Gln516His	-0.11750443539
p.Gln516Ile	1.49635620221
p.Gln516Leu	0.0461131296404
p.Gln516Lys	0.340052509923
p.Gln516Met	-0.606686591922
p.Gln516Pro	1.01183082042
p.Gln516Ser	0.0163110372105
p.Gln516Thr	0.136531991643
p.Gln516Tyr	0.605285412992
p.Gln516Val	-0.0980218277611
p.Glu273Ala	1.03339124181
p.Glu273Arg	1.62060069051
p.Glu273Asn	0.701585590623
p.Glu273Asp	0.0716858683881
p.Glu273Cys	0.280895613507
p.Glu273Gly	3.24909370645
p.Glu273Ile	0.985769788844
p.Glu273Leu	0.800937203458
p.Glu273Met	1.2259949671
p.Glu273Pro	1.08543208684
p.Glu273Ser	2.6732091593
p.Glu273Thr	1.87829259607
p.Glu283Ala	-0.496299780134
p.Glu283Asn	2.2499219062
p.Glu283Asp	-0.177495703111
p.Glu283Gln	1.32841305329
p.Glu283Gly	-0.353420319088
p.Glu283Leu	4.68305330008
p.Glu283Lys	3.55158479076
p.Glu283Pro	-0.596611088625
p.Glu283Thr	2.0559481036
p.Glu283Tyr	2.49671613862
p.Glu283Val	4.94412664679
p.Glu308Ala	0.129441147471
p.Glu308Arg	0.398786536215
p.Glu308Asp	0.112170420555
p.Glu308Cys	-0.255058589064
p.Glu308Gly	0.165159564914
p.Glu308His	0.039276533561
p.Glu308Leu	0.0813554813485
p.Glu308Lys	-0.140649553785
p.Glu308Met	0.081735343285
p.Glu308Phe	0.0684744371669
p.Glu308Pro	-0.297623576783
p.Glu308Ser	0.185350100509
p.Glu308Thr	-0.0649864801067
p.Glu308Val	0.190589153149
p.Glu313Ala	-0.770753246085
p.Glu313Arg	-0.729967694985
p.Glu313Asn	-0.69993937178
p.Glu313Asp	-0.68912576525
p.Glu313Gly	-0.740165509723
p.Glu313His	-0.972526511394
p.Glu313Ile	-0.588234325997
p.Glu313Leu	-0.810946913795
p.Glu313Lys	-0.610817618304
p.Glu313Met	-0.740434277361
p.Glu313Phe	-0.749280932932
p.Glu313Pro	-0.676119012535
p.Glu313Ser	-0.614362373382
p.Glu313Thr	-0.627296584603
p.Glu313Tyr	-0.875176447987
p.Glu313Val	-0.628477609018
p.Glu323Ala	0.239627592571
p.Glu323Arg	0.590978671779
p.Glu323Asn	0.2342970347
p.Glu323Asp	0.205272288189
p.Glu323Cys	-7.84532996876e-4
p.Glu323Gly	0.0720141374304
p.Glu323His	-0.205096953253
p.Glu323Ile	-0.0621537362532
p.Glu323Leu	0.0179258705941
p.Glu323Lys	0.488092934864
p.Glu323Phe	0.266953895853
p.Glu323Pro	0.130835451621
p.Glu323Ser	-0.00990158051946
p.Glu323Ter	-0.736653685594
p.Glu323Thr	0.00272626251512
p.Glu323Trp	0.31629961373
p.Glu323Tyr	0.039374442786
p.Glu323Val	0.0424121797492
p.Glu334Ala	0.129963086898
p.Glu334Arg	0.121690123302
p.Glu334Asn	0.0691048024083
p.Glu334Cys	0.201423872628
p.Glu334Gln	0.135046848069
p.Glu334Gly	-0.239321827953
p.Glu334His	0.253135454495
p.Glu334Ile	0.122199477161
p.Glu334Leu	0.145295580182
p.Glu334Lys	0.114669743451
p.Glu334Phe	0.14178298944
p.Glu334Pro	0.375734253742
p.Glu334Ser	0.0299239378459
p.Glu334Ter	-0.785536424547
p.Glu334Thr	-0.0146086099072
p.Glu334Trp	0.191151170937
p.Glu334Tyr	0.387372623488
p.Glu334Val	-0.073210203581
p.Glu335Ala	0.331678493203
p.Glu335Arg	1.3831527987
p.Glu335Asn	2.00237514052
p.Glu335Asp	0.571861351283
p.Glu335Cys	1.51737577119
p.Glu335Gly	-0.261042193326
p.Glu335His	1.59899486476
p.Glu335Ile	0.62650827033
p.Glu335Leu	1.3170673292
p.Glu335Lys	1.33988450898
p.Glu335Met	0.574538028133
p.Glu335Pro	-0.112646401249
p.Glu335Ser	0.216420649667
p.Glu335Ter	-0.787576084768
p.Glu335Thr	0.275927629527
p.Glu335Tyr	0.816742510076
p.Glu335Val	0.330173680589
p.Glu342Leu	-0.104382992678
p.Glu356Ala	0.116916972409
p.Glu356Arg	0.696133307892
p.Glu356Asp	-0.149041833625
p.Glu356Cys	0.0139842073659
p.Glu356Gln	0.0474595063354
p.Glu356Gly	0.373968804721
p.Glu356His	0.341821405029
p.Glu356Ile	0.266567539256
p.Glu356Leu	0.365052584632
p.Glu356Lys	0.15321798702
p.Glu356Met	0.345085526227
p.Glu356Phe	0.503313974733
p.Glu356Pro	0.363421362153
p.Glu356Ser	0.185768757654
p.Glu356Ter	-0.765296990165
p.Glu356Thr	0.131239502761
p.Glu356Trp	1.71374216319
p.Glu356Tyr	0.386975411579
p.Glu356Val	0.344643478704
p.Glu381Arg	4.47037049713
p.Glu381Asp	0.744279268587
p.Glu381Gly	2.95592032917
p.Glu381Leu	0.0973930015532
p.Glu381Met	1.93421159146
p.Glu381Pro	-0.244402620431
p.Glu381Ser	3.46184449505
p.Glu381Thr	2.38428410503
p.Glu381Tyr	1.47731340141
p.Glu381Val	2.00736991387
p.Glu399Cys	0.785215899844
p.Glu399His	1.14307666658
p.Glu399Ile	0.41565927365
p.Glu399Met	0.416494381409
p.Glu399Pro	0.589628065792
p.Glu399Ser	0.685751191658
p.Glu399Thr	0.297034823423
p.Glu399Tyr	0.407644315373
p.Glu399Val	0.515158886016
p.Glu415Arg	-0.0619667141912
p.Glu415Asp	-0.415501378053
p.Glu415Cys	-0.120671809303
p.Glu415Gln	0.0668021393114
p.Glu415Gly	-0.35812174838
p.Glu415His	-0.198231314021
p.Glu415Ile	0.195735053635
p.Glu415Leu	-0.17025948311
p.Glu415Pro	-0.153270377337
p.Glu415Ser	-0.0502275886534
p.Glu415Tyr	-0.0906593414202
p.Glu418Ala	0.315909545312
p.Glu418Arg	-0.39497337072
p.Glu418Asn	0.725723361161
p.Glu418Asp	-0.281537519096
p.Glu418Gln	0.0438647525715
p.Glu418His	-0.280155692151
p.Glu418Ile	0.604505366934
p.Glu418Leu	-0.126481792439
p.Glu418Lys	-0.394209305643
p.Glu418Met	-0.0240513410899
p.Glu418Phe	0.0344957415871
p.Glu418Pro	-0.480305996386
p.Glu418Ser	-0.198336482519
p.Glu418Ter	-0.814150269058
p.Glu418Tyr	-0.166787922592
p.Glu418Val	0.630282963408
p.Glu435Gly	-0.529597492133
p.Glu435His	-0.50480576985
p.Glu435Leu	-0.821736352028
p.Glu435Phe	-0.789903239376
p.Glu435Thr	-0.680563251259
p.Glu435Tyr	-0.58959708987
p.Glu435Val	-0.630166510898
p.Glu457Arg	-1.09277886199
p.Glu457Cys	-0.790056038119
p.Glu457Gln	-0.723874998472
p.Glu457Gly	-0.794366667627
p.Glu457Leu	-0.786102830603
p.Glu457Met	-0.67215154686
p.Glu457Phe	-0.66469153425
p.Glu457Pro	-0.613307631076
p.Glu457Ser	-0.722616099905
p.Glu457Thr	-0.639333753994
p.Glu457Val	-0.592515420822
p.Glu473Ala	-0.0614351654589
p.Glu473Gly	0.0135237535717
p.Glu473Leu	-0.0202303397254
p.Glu473Thr	0.298276069604
p.Glu479Ala	0.307599195894
p.Glu479Arg	-0.0290445692733
p.Glu479Asn	-0.15616378437
p.Glu479Asp	-0.146029138516
p.Glu479Cys	0.0128816365108
p.Glu479Gln	-0.167015014622
p.Glu479Gly	-0.0553426015821
p.Glu479His	0.61368456517
p.Glu479Ile	-0.0493400102307
p.Glu479Leu	-0.241111679205
p.Glu479Lys	-0.284616461464
p.Glu479Met	-0.250626837547
p.Glu479Phe	0.10855562415
p.Glu479Pro	0.464780625438
p.Glu479Ser	0.345158279738
p.Glu479Ter	-0.79298232696
p.Glu479Thr	-0.177429670043
p.Glu479Trp	0.315363341696
p.Glu479Tyr	0.398651584786
p.Glu479Val	-0.0540803468081
p.Glu489Ala	-0.157897592874
p.Glu489Arg	-0.232956250439
p.Glu489Asn	-0.00709277518886
p.Glu489Asp	0.0437920323594
p.Glu489Cys	0.412837033116
p.Glu489Gly	-0.176822985336
p.Glu489Ile	0.100537858374
p.Glu489Leu	0.0169450579664
p.Glu489Met	0.272912824808
p.Glu489Pro	-0.0258255363774
p.Glu489Ser	-0.171689640102
p.Glu489Thr	0.0330253691637
p.Glu489Tyr	0.351761465801
p.Glu489Val	-0.208723578164
p.Glu492Ala	0.263785294629
p.Glu492Asn	-0.119355737263
p.Glu492Gly	-0.0207358956576
p.Glu492Lys	0.0845013391472
p.Glu492Met	-0.0846822890579
p.Glu492Phe	0.500879930845
p.Glu492Pro	0.276259532614
p.Glu492Ter	-0.798443305277
p.Glu492Thr	0.0993124752021
p.Glu492Tyr	0.634993036878
p.Glu492Val	0.0851172881755
p.Glu505Ala	0.133129267386
p.Glu505Arg	0.0990535624908
p.Glu505Asn	0.0935832593471
p.Glu505Asp	0.0881259730034
p.Glu505Cys	0.0712268854627
p.Glu505Gln	0.153993666633
p.Glu505Gly	0.029796066762
p.Glu505His	0.173715799916
p.Glu505Ile	0.11021606596
p.Glu505Leu	-0.0294730639656
p.Glu505Lys	0.0996717367188
p.Glu505Met	0.410061588588
p.Glu505Phe	0.367952439261
p.Glu505Pro	0.123985605891
p.Glu505Ser	0.238058641273
p.Glu505Ter	-0.864555839297
p.Glu505Thr	0.0751418301595
p.Glu505Trp	0.956369064799
p.Glu505Tyr	0.310619352701
p.Glu505Val	0.0471883586641
p.Glu507Ala	0.117071924298
p.Glu507Arg	0.263816336813
p.Glu507Asn	-0.0136879552203
p.Glu507Asp	-0.196612626056
p.Glu507Cys	0.229546005767
p.Glu507Gln	0.344227206319
p.Glu507Gly	0.0300201192931
p.Glu507His	-0.0973873981107
p.Glu507Leu	-0.0528849328383
p.Glu507Met	0.106620913942
p.Glu507Pro	0.323087226312
p.Glu507Ser	-0.0436044794326
p.Glu507Ter	-0.791622012599
p.Glu507Thr	0.0884930991636
p.Glu507Trp	0.671914222823
p.Glu507Tyr	0.436682921914
p.Glu507Val	-0.166191385825
p.Glu508Ala	0.193683737993
p.Glu508Arg	0.444411536143
p.Glu508Asn	0.0809922344952
p.Glu508Asp	-0.228513083453
p.Glu508Cys	0.268573369558
p.Glu508Gln	0.0656158417169
p.Glu508Gly	0.480085371989
p.Glu508His	1.16992439366
p.Glu508Ile	0.262634494817
p.Glu508Leu	0.240020420966
p.Glu508Lys	0.382873889722
p.Glu508Met	0.197589481546
p.Glu508Phe	0.982092866937
p.Glu508Pro	0.18401873365
p.Glu508Ser	0.390704264778
p.Glu508Ter	-0.662477893165
p.Glu508Thr	0.0999240556084
p.Glu508Trp	1.08090712606
p.Glu508Tyr	0.726802294357
p.Glu508Val	0.262266603136
p.Glu513Ala	-0.27536240123
p.Glu513Arg	-0.0726421601841
p.Glu513Asn	0.0312398595878
p.Glu513Asp	0.0105130967375
p.Glu513Cys	-0.177720232595
p.Glu513Gln	0.111943072505
p.Glu513Gly	0.19488904887
p.Glu513His	0.0296673466748
p.Glu513Ile	0.597138416552
p.Glu513Leu	0.19574631905
p.Glu513Lys	-0.0323951126045
p.Glu513Met	-0.0276209715981
p.Glu513Phe	0.236286838834
p.Glu513Pro	1.05010629794
p.Glu513Ser	0.0408497960179
p.Glu513Thr	0.53165114532
p.Glu513Trp	0.6984049205
p.Glu513Tyr	0.480138406276
p.Glu513Val	0.296721149897
p.Gly277Ala	-0.762088387951
p.Gly277Arg	-0.759619850259
p.Gly277Asn	-0.327251077995
p.Gly277Asp	-0.627200478363
p.Gly277Gln	-0.769906925438
p.Gly277Ile	-0.559162142891
p.Gly277Leu	-0.873449571558
p.Gly277Lys	-0.705303310088
p.Gly277Met	-0.687962921648
p.Gly277Pro	-0.486649831572
p.Gly277Ser	-0.683633699527
p.Gly277Ter	-0.728617834726
p.Gly277Val	-0.709785300759
p.Gly279Ala	-0.887592223941
p.Gly279Arg	-0.630228017562
p.Gly279Asp	-0.688472017813
p.Gly279Glu	-0.603913622113
p.Gly279His	-0.671331611625
p.Gly279Ile	-0.642014023051
p.Gly279Leu	-0.786871429292
p.Gly279Lys	-0.722241806003
p.Gly279Met	-0.739350739735
p.Gly279Phe	-0.717089407842
p.Gly279Pro	-0.78582279452
p.Gly279Ser	-0.681791498301
p.Gly279Thr	-0.580722828256
p.Gly279Trp	-0.560744550237
p.Gly279Tyr	-0.683766967597
p.Gly279Val	-0.752707159891
p.Gly282Ala	-0.286342640607
p.Gly282Arg	-0.729897037866
p.Gly282Asn	-0.664953378518
p.Gly282Asp	-0.668450553657
p.Gly282Ile	-0.597234359142
p.Gly282Leu	-0.830296227133
p.Gly282Lys	-0.832897352433
p.Gly282Phe	-0.665703573453
p.Gly282Pro	-0.90575420036
p.Gly282Ser	-0.616200888598
p.Gly282Tyr	-0.99622684495
p.Gly282Val	-0.586877550302
p.Gly287Ala	0.289200244414
p.Gly287Arg	-0.671669121628
p.Gly287Asn	-0.847858632231
p.Gly287Asp	-0.250870038743
p.Gly287Cys	0.0697877852085
p.Gly287Gln	-0.0678125925522
p.Gly287Glu	-0.294657218891
p.Gly287His	-0.101360865531
p.Gly287Ile	-0.667408512901
p.Gly287Leu	-0.760978450495
p.Gly287Lys	-0.570997375047
p.Gly287Met	0.6643287719
p.Gly287Phe	0.960196656038
p.Gly287Pro	-0.768653009976
p.Gly287Ser	1.70347442474
p.Gly287Ter	-0.675850547031
p.Gly287Thr	1.34073436649
p.Gly287Tyr	2.00041745239
p.Gly287Val	-0.431615512011
p.Gly291Ala	0.172662946326
p.Gly291Arg	0.164844876263
p.Gly291Asn	-0.229107213659
p.Gly291Asp	-0.30800456332
p.Gly291Cys	-0.258647125663
p.Gly291Gln	0.0361815313934
p.Gly291Glu	-0.131712167445
p.Gly291His	0.0506375999889
p.Gly291Ile	0.0571046514076
p.Gly291Leu	0.346088548248
p.Gly291Lys	0.436975153165
p.Gly291Met	0.461111160638
p.Gly291Phe	0.345949378917
p.Gly291Pro	0.0877212521601
p.Gly291Ser	0.0593058317248
p.Gly291Trp	0.699413299294
p.Gly291Tyr	0.693651023995
p.Gly291Val	-0.223086744683
p.Gly303Leu	0.0829616345364
p.Gly347Ala	-0.233340374578
p.Gly347Arg	1.41895273303
p.Gly347Asn	0.726690454258
p.Gly347Asp	-0.229117934985
p.Gly347Cys	0.556179661032
p.Gly347Gln	0.141490593382
p.Gly347Glu	-0.0871424702784
p.Gly347His	0.786207210327
p.Gly347Ile	-0.370211729814
p.Gly347Leu	1.00782004354
p.Gly347Lys	1.12134811771
p.Gly347Met	0.150190459475
p.Gly347Phe	-0.040830053897
p.Gly347Pro	-0.668145232309
p.Gly347Ser	0.465581906605
p.Gly347Ter	-0.779047657041
p.Gly347Thr	0.0338582218887
p.Gly347Trp	-0.281576660048
p.Gly347Tyr	-0.00197754604308
p.Gly347Val	-0.505816101554
p.Gly355Ala	-0.0877343783434
p.Gly355Arg	0.126916059717
p.Gly355Asn	-0.205750855991
p.Gly355Asp	-0.22156693154
p.Gly355Cys	0.147596304994
p.Gly355Gln	0.0141867585923
p.Gly355Glu	-0.341732504023
p.Gly355His	0.239388940947
p.Gly355Ile	0.121186662486
p.Gly355Leu	-0.140213360215
p.Gly355Lys	0.0376493071549
p.Gly355Met	-0.214780231489
p.Gly355Phe	0.30601640319
p.Gly355Pro	0.132681435658
p.Gly355Ser	0.149560898349
p.Gly355Ter	-0.697513769114
p.Gly355Thr	0.247163973415
p.Gly355Trp	0.156148876312
p.Gly355Tyr	-0.35866360997
p.Gly355Val	-0.0898108847994
p.Gly358Trp	0.151309840858
p.Gly358Val	0.0283486732817
p.Gly376Arg	-0.789140650571
p.Gly376Asp	-0.858599484115
p.Gly376Gln	-0.544684786769
p.Gly376Glu	-0.684270181134
p.Gly376Leu	-0.613158370074
p.Gly376Lys	-0.608200062977
p.Gly376Phe	-0.711601306221
p.Gly376Pro	-0.706108383279
p.Gly376Ser	-0.488202754525
p.Gly376Ter	-0.770588888779
p.Gly376Thr	-0.638589233932
p.Gly376Trp	-0.860161274771
p.Gly376Val	-0.609584171699
p.Gly398Ala	0.517174443761
p.Gly398Arg	0.436279468297
p.Gly398Asn	0.556526250081
p.Gly398Asp	0.251444445944
p.Gly398Glu	0.0340361512595
p.Gly398His	-0.123452987733
p.Gly398Ile	-0.0909158313902
p.Gly398Leu	0.098164209991
p.Gly398Met	0.515756311003
p.Gly398Phe	-0.00258199066133
p.Gly398Pro	-0.74705294658
p.Gly398Ser	-0.0265855685458
p.Gly398Ter	-0.802244469954
p.Gly398Thr	0.0330235094172
p.Gly398Trp	-0.104591976976
p.Gly398Tyr	-0.146243195504
p.Gly398Val	-0.198535391934
p.Gly409Ala	-0.636677173971
p.Gly409Arg	-0.722684461511
p.Gly409Asn	-0.406128482273
p.Gly409Asp	-0.683540755863
p.Gly409Gln	-0.704509667769
p.Gly409Glu	-0.654254287101
p.Gly409His	-0.260287195091
p.Gly409Ile	-0.851578473537
p.Gly409Leu	-0.729527395379
p.Gly409Lys	-0.921203286819
p.Gly409Met	-0.69962052238
p.Gly409Phe	-0.807202278588
p.Gly409Pro	-0.579854171338
p.Gly409Ser	-0.556652549815
p.Gly409Ter	-0.778632567925
p.Gly409Thr	-0.453280149051
p.Gly409Trp	-0.666114161256
p.Gly409Val	-0.739744610927
p.Gly424Ala	-0.541533518644
p.Gly424Arg	-0.516694771832
p.Gly424Asn	-0.287485785174
p.Gly424Asp	-0.364996747562
p.Gly424Gln	-0.614763581199
p.Gly424Glu	-0.637787976227
p.Gly424Ile	-0.677814984544
p.Gly424Leu	-0.509874675223
p.Gly424Lys	-0.673828181469
p.Gly424Met	-0.616667539819
p.Gly424Pro	-0.504046347268
p.Gly424Ser	-0.457066019825
p.Gly424Thr	-0.590628418962
p.Gly424Tyr	-0.530258420484
p.Gly424Val	-0.613913161
p.Gly440Ala	-0.246078100685
p.Gly440Arg	-0.196615382418
p.Gly440Asn	-0.534995551716
p.Gly440Asp	-0.677627870771
p.Gly440Cys	-0.31414460956
p.Gly440Gln	-0.571275496994
p.Gly440Glu	-0.781566036628
p.Gly440His	-0.214040923871
p.Gly440Ile	-0.500391271313
p.Gly440Leu	0.194232506955
p.Gly440Lys	-0.524981603347
p.Gly440Met	-0.109928030377
p.Gly440Phe	-0.0834069297839
p.Gly440Pro	-0.776704337311
p.Gly440Ser	-0.344837199514
p.Gly440Ter	-0.739095511356
p.Gly440Thr	-0.475567778193
p.Gly440Trp	-0.282595068017
p.Gly440Tyr	0.0886932034715
p.Gly440Val	-0.516536991817
p.Gly452Asn	-0.730489997201
p.Gly452Ile	-0.779537846175
p.Gly452Lys	-0.819743519181
p.Gly462Ser	0.115123925246
p.Gly468Ala	-0.245766830795
p.Gly468Asp	-0.0966046448861
p.Gly468Cys	1.16458867914
p.Gly468Thr	0.0811043922491
p.Gly468Tyr	0.528582756802
p.Gly468Val	-0.0593911295265
p.Gly481Ala	-0.211972159278
p.Gly481Arg	-0.326930542839
p.Gly481Asn	-0.0602310408637
p.Gly481Asp	-0.0996449165686
p.Gly481Cys	-0.544791571758
p.Gly481Gln	-0.315424320042
p.Gly481Glu	-0.211274153758
p.Gly481His	-0.272845327913
p.Gly481Ile	-0.721036497673
p.Gly481Leu	-0.407546948136
p.Gly481Lys	-0.321557349218
p.Gly481Met	-0.431320101182
p.Gly481Phe	-0.438812022318
p.Gly481Pro	-0.648609912424
p.Gly481Ser	-0.282894409816
p.Gly481Ter	-0.843693732449
p.Gly481Thr	-0.433387789459
p.Gly481Trp	-0.461488939782
p.Gly481Tyr	-0.193069340228
p.Gly481Val	-0.630471732587
p.His322Ile	-0.229445615794
p.His387Ala	-0.895218414682
p.His387Arg	-0.733724887284
p.His387Cys	-0.780314342232
p.His387Gln	-0.804500249545
p.His387Gly	-0.702844347267
p.His387Leu	-0.535828929448
p.His387Met	-0.718169478514
p.His387Phe	-0.760642040979
p.His387Thr	-0.734204205549
p.His387Tyr	-0.553822494531
p.His387Val	-0.761962834428
p.His495Ala	0.33934410963
p.His495Arg	0.236123268248
p.His495Asn	0.465872582818
p.His495Asp	0.536916511048
p.His495Cys	0.249647132815
p.His495Gln	0.167253543596
p.His495Glu	0.330843063449
p.His495Gly	0.0444704289036
p.His495Ile	-0.209377518043
p.His495Leu	-0.338221686437
p.His495Lys	0.387961625833
p.His495Met	0.231763783862
p.His495Phe	0.106755848976
p.His495Pro	-0.672001166712
p.His495Ser	0.342993870637
p.His495Ter	-0.412112031807
p.His495Thr	0.246100782375
p.His495Trp	0.187304300139
p.His495Tyr	-0.257918999722
p.His495Val	-0.015219898456
p.Ile297Ala	0.792394434509
p.Ile297Arg	-0.695218096675
p.Ile297Asn	-0.346714267503
p.Ile297Asp	-0.818688262864
p.Ile297Cys	0.695518075855
p.Ile297Gly	0.223346333257
p.Ile297His	-0.448377009067
p.Ile297Leu	-0.250817405293
p.Ile297Phe	-0.214674053796
p.Ile297Pro	-0.688615446853
p.Ile297Ser	1.15544570544
p.Ile297Ter	-0.774374790885
p.Ile297Thr	0.351261770976
p.Ile297Tyr	0.867823496828
p.Ile297Val	0.267220062326
p.Ile337Asn	-0.905561762183
p.Ile337Gln	-0.75870868254
p.Ile337Gly	-0.00883082038835
p.Ile337Lys	-0.432009687095
p.Ile337Met	-0.131670383317
p.Ile337Pro	-0.566551713116
p.Ile337Ser	-0.308030113839
p.Ile337Thr	1.14196202935
p.Ile337Val	-0.447798725412
p.Ile339Ala	-0.587545922699
p.Ile339Arg	-0.745828595328
p.Ile339Asn	-0.324736411937
p.Ile339Asp	-0.759004884247
p.Ile339Cys	-0.65930427504
p.Ile339Gln	-0.0457961676849
p.Ile339Glu	-0.747702618182
p.Ile339Gly	-0.607122961902
p.Ile339His	0.762537547492
p.Ile339Leu	0.312716553237
p.Ile339Lys	-0.528794163899
p.Ile339Met	-0.567580659307
p.Ile339Phe	-0.518902269398
p.Ile339Pro	-0.790849529029
p.Ile339Ser	-0.700105934918
p.Ile339Ter	-0.754776915426
p.Ile339Thr	-0.582922550302
p.Ile339Trp	-0.354489248194
p.Ile339Tyr	-0.77355551931
p.Ile339Val	-0.482984040893
p.Ile373Ala	-0.186428489216
p.Ile373Arg	-0.738981657959
p.Ile373Asp	-0.724606685863
p.Ile373Cys	0.087456764298
p.Ile373Glu	-0.912288474254
p.Ile373Gly	-0.388259485263
p.Ile373Leu	-0.622144543182
p.Ile373Lys	-0.767266263448
p.Ile373Pro	-0.70754722899
p.Ile373Ser	-0.210901891758
p.Ile373Val	0.572779056955
p.Ile395Arg	-0.694840951724
p.Ile395Asp	-0.843528826628
p.Ile395Cys	0.0183244431031
p.Ile395Leu	-0.652173182384
p.Ile395Met	-0.32105024051
p.Ile395Phe	-0.653964560598
p.Ile395Ser	-0.410865614432
p.Ile395Ter	-0.820280220499
p.Ile395Trp	-0.490216998306
p.Ile395Tyr	-0.683506928204
p.Ile395Val	-0.166902540157
p.Ile414Arg	-0.519282170848
p.Ile414Leu	0.99883339519
p.Ile414Ser	-0.476549842579
p.Ile414Val	-0.253909843518
p.Ile429Ala	-0.222850643605
p.Ile429Asn	-0.675795401321
p.Ile429Asp	-0.900640646033
p.Ile429Gly	-0.699850475931
p.Ile429His	-0.698140588745
p.Ile429Leu	0.0814915426937
p.Ile429Lys	-0.42296487806
p.Ile429Phe	-0.22109567658
p.Ile429Pro	-0.571236011152
p.Ile429Ser	-0.821107694942
p.Ile429Thr	-0.609843737433
p.Ile429Tyr	-0.664766758866
p.Ile429Val	1.11048153944
p.Ile444Ala	0.444597644163
p.Ile444Arg	0.737448509879
p.Ile444Asn	0.0836220332175
p.Ile444Asp	0.339090610273
p.Ile444Cys	0.426898408647
p.Ile444Gln	0.265943255692
p.Ile444Glu	0.0964044642166
p.Ile444Gly	0.433655634738
p.Ile444His	1.17767901256
p.Ile444Leu	0.525323854149
p.Ile444Lys	1.42067552455
p.Ile444Met	0.147147096342
p.Ile444Phe	0.147929371808
p.Ile444Pro	1.11739884052
p.Ile444Ser	0.511007451838
p.Ile444Ter	-0.846981176583
p.Ile444Thr	0.681766424594
p.Ile444Tyr	1.52932418432
p.Ile444Val	0.377909247222
p.Ile453Ala	-0.448067652146
p.Ile453Arg	-0.742591274094
p.Ile453Cys	0.403316827143
p.Ile453Gln	-0.618637444828
p.Ile453His	-0.724337422742
p.Ile453Leu	-0.304351729532
p.Ile453Lys	-0.779425579026
p.Ile453Met	-0.589240567097
p.Ile453Phe	-0.629315959251
p.Ile453Pro	-0.789535956489
p.Ile453Ser	-0.699767724605
p.Ile453Thr	-0.0423666437358
p.Ile453Trp	-0.627690812843
p.Ile453Tyr	1.17688742217
p.Ile453Val	0.575131050765
p.Leu270Glu	-0.472472381676
p.Leu270Gly	-0.463000208719
p.Leu270Phe	-0.459463819863
p.Leu270Ser	-0.38969008325
p.Leu270Thr	0.627552502136
p.Leu270Val	0.975457875359
p.Leu276Arg	1.00821414862
p.Leu276Asp	0.130665104102
p.Leu276Glu	-0.163017149915
p.Leu276Gly	2.62222651317
p.Leu276Ile	3.00311413022
p.Leu276Phe	1.15564194105
p.Leu276Ter	-0.652479045923
p.Leu276Thr	4.36036460744
p.Leu276Tyr	-0.320710686881
p.Leu276Val	3.40625438967
p.Leu300Ala	1.51128350077
p.Leu300Arg	4.16993899628
p.Leu300Asn	1.39763720544
p.Leu300Asp	-0.187214940876
p.Leu300Cys	0.00957445979574
p.Leu300Gln	-0.123075051017
p.Leu300Glu	0.0434485438101
p.Leu300Gly	-0.307777124685
p.Leu300His	-0.624028765886
p.Leu300Ile	-0.659610048914
p.Leu300Lys	0.552427986301
p.Leu300Met	0.0811739348886
p.Leu300Phe	-0.584696753138
p.Leu300Pro	1.42833481999
p.Leu300Ser	0.0145642456734
p.Leu300Ter	-0.803735674137
p.Leu300Thr	0.496324465816
p.Leu300Trp	-0.648221352666
p.Leu300Tyr	-0.567257215849
p.Leu300Val	-0.378130477643
p.Leu311Ala	-0.19100303596
p.Leu311Arg	-0.565241172309
p.Leu311Asn	-0.292005886145
p.Leu311Asp	-0.168885273068
p.Leu311Glu	-0.245949325552
p.Leu311Gly	-0.392350320315
p.Leu311Ile	0.0442363655276
p.Leu311Lys	-0.203042980226
p.Leu311Met	-0.0872452904944
p.Leu311Phe	-0.0348926831449
p.Leu311Pro	-0.520492521189
p.Leu311Ser	-0.460309483405
p.Leu311Thr	-0.386121091429
p.Leu311Trp	0.415312354371
p.Leu311Tyr	1.89320821968
p.Leu320Ala	-0.549203287952
p.Leu320Arg	-0.69991404933
p.Leu320Asn	0.0894592690348
p.Leu320Asp	-0.737103250961
p.Leu320Cys	-0.267633389828
p.Leu320Gln	-0.676152993309
p.Leu320Glu	-0.761353675267
p.Leu320Gly	-0.574549434143
p.Leu320His	-0.656448597439
p.Leu320Ile	-0.420689286121
p.Leu320Lys	-0.688276067243
p.Leu320Met	-0.0560655330584
p.Leu320Phe	-0.169509837892
p.Leu320Pro	-0.637862487582
p.Leu320Ser	-0.483458751106
p.Leu320Ter	-0.858580716594
p.Leu320Thr	-0.367912883394
p.Leu320Trp	-0.339683406343
p.Leu320Tyr	-0.552003497564
p.Leu320Val	-0.336292887347
p.Leu325Ala	0.380521124618
p.Leu325Arg	-0.727269136797
p.Leu325Asn	-0.0129625370543
p.Leu325Asp	-0.691339512815
p.Leu325Cys	-0.190653210999
p.Leu325Gln	-0.396798943367
p.Leu325Glu	-0.462167985036
p.Leu325Gly	-0.574262869471
p.Leu325His	-0.527623292808
p.Leu325Ile	0.839197649454
p.Leu325Lys	-0.12060059396
p.Leu325Met	0.191365182917
p.Leu325Phe	-0.932301701416
p.Leu325Pro	-0.401854014907
p.Leu325Ser	0.384261161098
p.Leu325Ter	-0.698448147909
p.Leu325Thr	1.05057247833
p.Leu325Tyr	-0.71706936204
p.Leu325Val	1.37693211203
p.Leu328Asn	-0.658067582438
p.Leu328His	-0.647547093636
p.Leu328Ile	-0.358225758953
p.Leu328Met	-0.191362972734
p.Leu328Phe	-0.300770814729
p.Leu328Pro	-0.111836775015
p.Leu328Tyr	-0.587115506572
p.Leu328Val	-0.581366534294
p.Leu349Ala	0.853093028335
p.Leu349Arg	-0.775520031248
p.Leu349Asn	-0.541641592758
p.Leu349Asp	-0.704670379397
p.Leu349Cys	0.341445006947
p.Leu349Gly	0.332388305496
p.Leu349His	-0.655964635809
p.Leu349Ile	0.279458846899
p.Leu349Lys	-0.71687237089
p.Leu349Met	-0.151054402725
p.Leu349Phe	-0.123239998991
p.Leu349Pro	-0.636590361025
p.Leu349Ser	0.327727111239
p.Leu349Ter	-0.640741555054
p.Leu349Thr	0.484101624456
p.Leu349Trp	-0.456683794436
p.Leu349Tyr	-0.056853917962
p.Leu349Val	0.434451502487
p.Leu350Ala	0.496528318259
p.Leu350Arg	0.753796727059
p.Leu350Asn	1.1742065339
p.Leu350Asp	1.20673597673
p.Leu350Cys	1.07393146982
p.Leu350Gln	0.567693795981
p.Leu350Gly	0.271544121077
p.Leu350Ile	0.2518115774
p.Leu350Met	0.351933048415
p.Leu350Phe	1.06665517758
p.Leu350Pro	-0.483706438075
p.Leu350Ser	0.944785666132
p.Leu350Thr	0.402217678376
p.Leu350Tyr	0.908667744336
p.Leu350Val	0.312030953648
p.Leu353Ala	-0.106070214885
p.Leu353Arg	-0.49839257377
p.Leu353Asn	-0.380577753414
p.Leu353Asp	-0.622775929776
p.Leu353Cys	0.356051918907
p.Leu353Gln	-0.0281769348791
p.Leu353Glu	-0.386971047654
p.Leu353Gly	-0.539389679312
p.Leu353His	-0.396449765361
p.Leu353Ile	0.0282738451508
p.Leu353Lys	-0.751565444713
p.Leu353Met	3.50331385301
p.Leu353Phe	0.0776414371943
p.Leu353Pro	-0.673867418522
p.Leu353Ser	0.023492086904
p.Leu353Ter	-0.783697613037
p.Leu353Thr	-0.0726372675186
p.Leu353Trp	-0.0107344930397
p.Leu353Tyr	-0.0855540195708
p.Leu353Val	-0.0427247351126
p.Leu361Ala	0.297292085966
p.Leu361Arg	0.369157692269
p.Leu361Glu	0.149830570397
p.Leu361Gly	0.105721729656
p.Leu361His	-0.228147526986
p.Leu361Ile	0.179874418689
p.Leu361Met	0.320639889058
p.Leu361Phe	0.384589946908
p.Leu361Pro	0.187575035624
p.Leu361Ser	0.401994998812
p.Leu361Thr	0.384289527484
p.Leu361Tyr	0.404334373776
p.Leu363Ala	-0.0947790814582
p.Leu363Arg	-0.0266239881695
p.Leu363Asn	-0.299004285711
p.Leu363Asp	-0.25984840873
p.Leu363Cys	-0.0725415119504
p.Leu363Gln	-0.00540946037768
p.Leu363Glu	-0.249569028238
p.Leu363Gly	-0.180499956071
p.Leu363His	-0.148894948897
p.Leu363Ile	-0.110653265528
p.Leu363Lys	-0.0852246865946
p.Leu363Met	-0.253936616669
p.Leu363Phe	-0.202709351836
p.Leu363Pro	-0.206260944203
p.Leu363Ser	-0.231871185076
p.Leu363Thr	-0.00201878712576
p.Leu363Tyr	0.255237895828
p.Leu363Val	-0.14723340457
p.Leu366Glu	-0.59194660732
p.Leu366Met	0.38206772765
p.Leu366Ser	-0.301925946984
p.Leu366Thr	-0.181229874307
p.Leu366Val	-0.282172040286
p.Leu390Lys	-0.89546717395
p.Leu390Ser	-0.437593370537
p.Leu396Ala	-0.50866157976
p.Leu396Asp	-0.698179638428
p.Leu396Gln	-0.638192562853
p.Leu396Glu	-0.638664744373
p.Leu396Ile	-0.381118819531
p.Leu396Lys	-0.714070179042
p.Leu396Pro	-0.720368545543
p.Leu396Ser	-0.600408141721
p.Leu396Thr	-0.256135781557
p.Leu396Val	0.529618063581
p.Leu401Arg	-0.231703698583
p.Leu401Cys	-0.0128891721929
p.Leu401Gln	-0.333423842573
p.Leu401Glu	-0.18081264355
p.Leu401Gly	0.108659555004
p.Leu401Ile	-0.130321275409
p.Leu401Lys	0.13744801021
p.Leu401Ser	0.103159861839
p.Leu401Val	-0.128772502389
p.Leu410Ala	-0.694011732797
p.Leu410Arg	-0.699155274161
p.Leu410Gln	-0.728552024838
p.Leu410Glu	-0.784919432173
p.Leu410Gly	-0.81601767966
p.Leu410Ile	-0.489489446748
p.Leu410Lys	-0.770624655331
p.Leu410Met	-0.182690408017
p.Leu410Pro	-0.721624507234
p.Leu410Ser	-0.796076460115
p.Leu410Ter	-0.732096725059
p.Leu410Tyr	-0.587290582212
p.Leu410Val	-0.635243786098
p.Leu413Ala	1.2511574094
p.Leu413Arg	0.307301605938
p.Leu413Asn	-0.154420304846
p.Leu413Asp	-0.44898034292
p.Leu413Cys	0.00111956936905
p.Leu413Gln	0.499061042161
p.Leu413Gly	0.216947357878
p.Leu413His	0.158510854894
p.Leu413Ile	-0.115129464565
p.Leu413Lys	0.850313080985
p.Leu413Met	0.375584612949
p.Leu413Phe	0.113659036419
p.Leu413Pro	-0.0245580824923
p.Leu413Ser	0.112229334645
p.Leu413Thr	-0.258235718391
p.Leu413Tyr	0.683680955607
p.Leu413Val	-0.0544435648029
p.Leu438Ala	-0.27344556679
p.Leu438Arg	-0.724136862884
p.Leu438Asn	0.0546402545517
p.Leu438Gln	-0.213278293157
p.Leu438Gly	-0.0627011156433
p.Leu438Lys	-0.328271533951
p.Leu438Met	-0.00821935351018
p.Leu438Ser	-0.295871589497
p.Leu438Trp	0.666346496927
p.Leu438Val	-0.31656784415
p.Leu454Ala	-0.181771914512
p.Leu454Arg	-0.746497924145
p.Leu454Asn	-0.675444482811
p.Leu454Asp	-0.581321111999
p.Leu454Cys	-0.403446251888
p.Leu454Gln	-0.358319816352
p.Leu454Glu	-0.663340517372
p.Leu454Gly	-0.598775310606
p.Leu454His	-0.349673593302
p.Leu454Ile	-0.532294136919
p.Leu454Lys	-0.570894386752
p.Leu454Met	-0.0873952528965
p.Leu454Phe	-0.26855724736
p.Leu454Pro	-0.710312997277
p.Leu454Ser	-0.432173939213
p.Leu454Ter	-0.712762632691
p.Leu454Thr	-0.373158452795
p.Leu454Trp	0.2060940201
p.Leu454Tyr	-0.397333879617
p.Leu454Val	-0.069644254945
p.Leu455Ala	-0.248947790917
p.Leu455Arg	-0.790714231221
p.Leu455Asn	-0.6784231749
p.Leu455Asp	-0.701863428013
p.Leu455Cys	-0.245122722557
p.Leu455Gln	-0.481605248526
p.Leu455Glu	-0.588780607074
p.Leu455Gly	-0.425382791206
p.Leu455His	-0.740334244875
p.Leu455Ile	-0.119349358052
p.Leu455Lys	-0.665398808284
p.Leu455Met	-0.170221718151
p.Leu455Phe	-0.594870346462
p.Leu455Pro	-0.814854398448
p.Leu455Ser	-0.405002626335
p.Leu455Ter	-0.86340342778
p.Leu455Thr	-0.28714341238
p.Leu455Trp	-0.488384047577
p.Leu455Tyr	-0.484592259813
p.Leu455Val	-0.327326465269
p.Leu458Ala	0.393928644094
p.Leu458Asn	-0.601179221163
p.Leu458Gln	0.106076225888
p.Leu458Glu	-0.513792588113
p.Leu458Ile	-0.198011548191
p.Leu458Phe	-0.109053332704
p.Leu458Pro	-0.697824476227
p.Leu458Ser	0.0921075230556
p.Leu458Ter	-0.846697361063
p.Leu458Thr	-0.35143893934
p.Leu458Val	-0.0803044043755
p.Leu475Arg	-0.688141863881
p.Leu475Asp	-0.594502929259
p.Leu475Ile	0.128056982303
p.Leu475Trp	-0.454294231724
p.Leu494Ala	0.0154282205616
p.Leu494Arg	-0.797847640855
p.Leu494Cys	-0.470441036448
p.Leu494Gln	-0.230235882719
p.Leu494Gly	-0.096294623744
p.Leu494His	-0.613143670777
p.Leu494Ile	-0.299995633847
p.Leu494Lys	-0.426653268263
p.Leu494Met	-0.271137563566
p.Leu494Phe	0.511092364689
p.Leu494Pro	-0.658235490044
p.Leu494Ser	0.0640369956153
p.Leu494Trp	0.0211422545458
p.Leu494Tyr	-0.216454455229
p.Leu494Val	-0.239997076599
p.Leu497Ala	-0.185114168604
p.Leu497Gly	0.609410276751
p.Leu497Phe	0.328724976754
p.Leu497Pro	-0.264544856115
p.Leu515Ala	-0.173959611848
p.Leu515Arg	-0.681611054669
p.Leu515Asn	-0.291924889729
p.Leu515Asp	-0.574176349576
p.Leu515Cys	-0.149319800305
p.Leu515Gln	-0.30488478285
p.Leu515Glu	-0.29246877464
p.Leu515Gly	-0.365552822074
p.Leu515His	-0.366157213289
p.Leu515Ile	-0.210275581667
p.Leu515Lys	-0.515723820929
p.Leu515Met	-0.207576723059
p.Leu515Phe	-0.00334830064002
p.Leu515Pro	-0.554744321474
p.Leu515Ser	-0.0448694009894
p.Leu515Ter	-0.575095163046
p.Leu515Thr	-0.297394307877
p.Leu515Trp	-0.407066279144
p.Leu515Tyr	-0.0568911691397
p.Leu515Val	-0.171929673775
p.Leu519Ala	0.378308000871
p.Leu519Arg	0.519800137834
p.Leu519Gln	0.296864673171
p.Leu519Glu	-0.42387969159
p.Leu519Gly	-0.119705055666
p.Leu519Met	0.477650827062
p.Leu519Phe	0.141656816837
p.Leu519Pro	-0.173276118973
p.Leu519Ser	0.103633926131
p.Leu519Thr	0.281080964389
p.Leu519Trp	0.11081485235
p.Leu519Tyr	0.238096728765
p.Leu519Val	-0.0721884051389
p.Lys275Ala	1.49805758848
p.Lys275Asn	-0.168963420827
p.Lys275Asp	0.190798805134
p.Lys275Cys	-0.764132874627
p.Lys275Gln	0.146466017882
p.Lys275Gly	2.83545516648
p.Lys275His	1.23417273731
p.Lys275Ile	1.26490722216
p.Lys275Leu	0.148436125144
p.Lys275Met	0.131886142622
p.Lys275Ser	0.379255008626
p.Lys275Thr	1.80735897187
p.Lys275Tyr	5.00777208721
p.Lys275Val	1.73126835575
p.Lys298Ala	-0.699369309419
p.Lys298Arg	-0.643544870665
p.Lys298Gln	-0.304542210128
p.Lys298Glu	-0.803870053918
p.Lys298Gly	-0.659007795017
p.Lys298His	-0.687913191328
p.Lys298Ile	0.0104215043847
p.Lys298Leu	-0.847166725592
p.Lys298Met	-0.147889302432
p.Lys298Phe	-0.794282973504
p.Lys298Pro	-0.789760530753
p.Lys298Ser	-0.775947770876
p.Lys298Ter	-0.759418301635
p.Lys298Val	-0.75407549968
p.Lys301Ala	-0.692125914889
p.Lys301Arg	-0.187405081818
p.Lys301Asn	-0.633884041768
p.Lys301Asp	-0.765175068803
p.Lys301Cys	-0.572845134429
p.Lys301Gln	-0.498817825905
p.Lys301Glu	-0.757950185774
p.Lys301Gly	-0.660827795667
p.Lys301His	-0.637174821656
p.Lys301Ile	1.23090744417
p.Lys301Leu	0.138942218439
p.Lys301Met	-0.254472289061
p.Lys301Phe	-0.731646817957
p.Lys301Pro	-0.697062496393
p.Lys301Ser	-0.678276129387
p.Lys301Ter	-0.738551714795
p.Lys301Thr	-0.610975606168
p.Lys301Trp	-0.852908333964
p.Lys301Tyr	-0.807746322223
p.Lys301Val	-0.279617403028
p.Lys318Ala	-0.560627294854
p.Lys318Arg	-0.449863905991
p.Lys318Asn	-0.544409735085
p.Lys318Asp	0.0988930382239
p.Lys318Cys	-0.603539317132
p.Lys318Gln	-0.478784598505
p.Lys318Glu	-0.405133395427
p.Lys318Gly	-0.47343552977
p.Lys318His	-0.543432541194
p.Lys318Ile	-0.517552583927
p.Lys318Leu	-0.547841114267
p.Lys318Met	-0.274458109659
p.Lys318Phe	-0.720887848204
p.Lys318Pro	-0.667532767504
p.Lys318Ser	-0.43293824842900003
p.Lys318Ter	-0.773846432707
p.Lys318Thr	-0.35586450994
p.Lys318Trp	-0.529140661141
p.Lys318Tyr	-0.378020089944
p.Lys318Val	-0.590289996711
p.Lys319Ala	0.834799416787
p.Lys319Arg	-0.0164661822168
p.Lys319Asn	0.424332631814
p.Lys319Asp	0.482903624035
p.Lys319Cys	0.177618892957
p.Lys319Gln	0.143112183366
p.Lys319Glu	0.812570137162
p.Lys319Gly	-0.167664456894
p.Lys319His	0.121365471994
p.Lys319Ile	0.223566272308
p.Lys319Leu	-0.0840796414929
p.Lys319Met	0.417275293971
p.Lys319Ser	0.459083350134
p.Lys319Ter	2.06372419336
p.Lys319Thr	0.423924018657
p.Lys319Trp	-0.365301521229
p.Lys319Tyr	0.0202719987329
p.Lys319Val	0.0670772526482
p.Lys324Ala	0.150358500103
p.Lys324Arg	0.199744163219
p.Lys324Cys	0.216303412533
p.Lys324Gln	0.365104407595
p.Lys324Gly	-0.169366841889
p.Lys324His	0.307752993654
p.Lys324Ile	-0.267561092257
p.Lys324Met	0.073089966728
p.Lys324Pro	-0.35241531348
p.Lys324Ser	0.0060976940868
p.Lys324Thr	0.021199506666
p.Lys324Tyr	0.440101905656
p.Lys324Val	-0.124093872623
p.Lys346Ala	-0.212925703106
p.Lys346Arg	0.205234259828
p.Lys346Asn	0.846058447947
p.Lys346Asp	-0.319699007414
p.Lys346Cys	0.119715334397
p.Lys346Gln	9.06733876669e-4
p.Lys346Gly	0.169265651797
p.Lys346His	0.208970093319
p.Lys346Ile	-0.328049654581
p.Lys346Leu	-0.19202119959
p.Lys346Met	0.0155030979372
p.Lys346Phe	-0.00263969461266
p.Lys346Pro	3.39544535841
p.Lys346Ser	-0.0316623235927
p.Lys346Thr	-0.52214695272
p.Lys346Trp	0.125933579147
p.Lys346Tyr	0.450599625585
p.Lys346Val	-0.00776638746364
p.Lys354Ala	-0.179543464746
p.Lys354Arg	0.235411334003
p.Lys354Asn	0.00767213380458
p.Lys354Asp	-0.0948808492818
p.Lys354Cys	-0.0261025092063
p.Lys354Gln	-0.109711494259
p.Lys354Glu	0.120053804687
p.Lys354Gly	-0.180316177016
p.Lys354His	0.192576647932
p.Lys354Ile	0.218144617304
p.Lys354Leu	0.232481451103
p.Lys354Met	0.201501408837
p.Lys354Phe	-0.0306180761289
p.Lys354Pro	-0.143079720669
p.Lys354Ser	-0.0306471111993
p.Lys354Ter	-0.773590029474
p.Lys354Thr	0.202279081576
p.Lys354Trp	0.264560188097
p.Lys354Tyr	0.155725286367
p.Lys354Val	0.213869512508
p.Lys359His	0.304780822978
p.Lys359Leu	1.9136444552
p.Lys359Phe	0.473887875906
p.Lys404Arg	0.703791728225
p.Lys404Asn	1.23223661642
p.Lys404Asp	-0.384533955973
p.Lys404Gln	1.06836532771
p.Lys404Glu	0.245672731013
p.Lys404Gly	-0.57430759065
p.Lys404His	1.34919977993
p.Lys404Ile	1.04660033753
p.Lys404Leu	0.942502545936
p.Lys404Met	0.44420448099
p.Lys404Pro	-0.661558880831
p.Lys404Ser	0.339808414653
p.Lys404Thr	1.52801286907
p.Lys404Tyr	0.760211435407
p.Lys426Ala	-0.0376016311779
p.Lys426Arg	-0.0926588982938
p.Lys426Asn	-0.46734205879
p.Lys426Asp	-0.570861921096
p.Lys426Cys	0.282693994797
p.Lys426Gly	-0.638391975639
p.Lys426His	-0.304921034101
p.Lys426Ile	0.817449996597
p.Lys426Leu	1.11814690706
p.Lys426Met	0.468131540318
p.Lys426Phe	0.651060969665
p.Lys426Pro	1.79324940527
p.Lys426Ser	-0.42171526324
p.Lys426Ter	-0.901016690671
p.Lys426Thr	-0.217882623152
p.Lys426Trp	0.361220156986
p.Lys426Tyr	-0.507122607573
p.Lys426Val	0.84745339176
p.Lys430Ala	-0.548857536935
p.Lys430Arg	0.166161959424
p.Lys430Asn	-0.550796989701
p.Lys430Asp	-0.768962279091
p.Lys430Gln	-0.597086636133
p.Lys430Gly	-0.737195864733
p.Lys430His	-0.730476751548
p.Lys430Ile	3.05573284227
p.Lys430Met	-0.128461333029
p.Lys430Phe	-0.674607927535
p.Lys430Trp	-0.770043956553
p.Lys430Tyr	-0.81186548491
p.Lys445Ala	0.219662414653
p.Lys445Arg	0.243533236013
p.Lys445Asn	0.64740581248
p.Lys445Asp	0.603011203904
p.Lys445Cys	0.421584496995
p.Lys445Gln	0.45735677805
p.Lys445Glu	0.0931469465475
p.Lys445Gly	0.0747163384587
p.Lys445His	0.249905364327
p.Lys445Ile	-0.259335872762
p.Lys445Leu	0.322186456679
p.Lys445Met	0.201732906692
p.Lys445Phe	0.424739363307
p.Lys445Pro	0.182356432671
p.Lys445Ser	0.115074542676
p.Lys445Ter	-0.818191938925
p.Lys445Thr	0.228872287563
p.Lys445Trp	0.0591376552633
p.Lys445Tyr	0.376324776011
p.Lys445Val	0.200073820476
p.Lys461Ala	0.0384760804587
p.Lys461Arg	-0.00982572862069
p.Lys461His	-0.0840671054994
p.Lys461Val	-0.478840335026
p.Lys504Asn	0.0599528303109
p.Lys504Asp	-0.0720733967906
p.Lys504Cys	0.0898550866662
p.Lys504Gly	-0.0147622198552
p.Lys504His	0.05907500948
p.Lys504Leu	-0.348871935174
p.Lys504Ser	-0.0933008151332
p.Lys504Thr	0.300932028084
p.Lys504Trp	-0.45742339527
p.Lys504Tyr	0.00266739479019
p.Lys504Val	-0.139296358613
p.Met286Ala	0.158599041983
p.Met286Arg	1.02902959973
p.Met286Asn	-0.227398847486
p.Met286Asp	0.781504048799
p.Met286Cys	-0.16629065912
p.Met286Gln	-0.218322232825
p.Met286Glu	0.0353739944144
p.Met286Gly	2.45874219791
p.Met286His	-0.280400348702
p.Met286Ile	-0.337978239711
p.Met286Leu	0.291849135201
p.Met286Lys	0.461037665567
p.Met286Phe	0.422151888572
p.Met286Pro	-0.517707555475
p.Met286Ser	0.157109264214
p.Met286Ter	-0.773754764639
p.Met286Thr	-0.47504525211
p.Met286Trp	-0.149477703175
p.Met286Tyr	0.357673205581
p.Met286Val	-0.372525008323
p.Met305Glu	-0.420896105116
p.Met305Leu	-0.579662203314
p.Met305Phe	-0.602491098799
p.Met305Pro	-0.623223043973
p.Met305Thr	-0.473946510238
p.Met317Ala	-0.46668219705
p.Met317Arg	-0.763784693029
p.Met317Asn	-0.485157261391
p.Met317Asp	-0.615363371006
p.Met317Cys	-0.384530390906
p.Met317Gln	-0.385151509772
p.Met317Glu	1.05269604735
p.Met317Gly	-0.183456071948
p.Met317His	0.185582006865
p.Met317Ile	-0.901008156579
p.Met317Leu	-0.0609296948247
p.Met317Lys	-0.616981918404
p.Met317Phe	-0.677116220863
p.Met317Pro	-0.452611237706
p.Met317Ser	-0.350383299864
p.Met317Ter	-0.698546072972
p.Met317Thr	-0.333850159164
p.Met317Trp	-0.809383811409
p.Met317Tyr	-0.434254608738
p.Met317Val	-0.612353676777
p.Met344Ala	0.697648506537
p.Met344Asn	-0.257411162017
p.Met344Asp	-0.56592531816
p.Met344Glu	-0.00495379056721
p.Met344Gly	-0.225314547362
p.Met344Ile	-0.367871923461
p.Met344Leu	-0.525875587732
p.Met344Lys	0.588538437313
p.Met344Phe	0.24699474908
p.Met344Pro	-0.654179014634
p.Met344Ser	0.066438305441
p.Met344Thr	-0.343588186596
p.Met344Trp	-0.412979869474
p.Met344Tyr	0.342980942616
p.Met369Arg	-0.330433194075
p.Met369Cys	-0.0933181210877
p.Met369Phe	0.864346455958
p.Met369Pro	-0.492281320781
p.Met369Ter	-0.798499801136
p.Met369Thr	-0.100425967754
p.Met369Val	0.0645534189249
p.Met377Ala	0.48679353153
p.Met377Arg	-0.775623787227
p.Met377Asp	-0.751554135854
p.Met377Cys	0.125392766475
p.Met377Gln	-0.594036308397
p.Met377Glu	-0.468903115444
p.Met377Gly	0.201534235523
p.Met377His	-0.406148248751
p.Met377Leu	-0.541911333739
p.Met377Lys	-0.627307539025
p.Met377Phe	-0.551400981758
p.Met377Pro	-0.821323664761
p.Met377Ser	0.672020106023
p.Met377Thr	0.206932194158
p.Met377Tyr	-0.559273575991
p.Met377Val	0.345709254709
p.Met383Asn	-0.321162846159
p.Met383Ile	-0.449235582675
p.Met383Leu	-0.470378975023
p.Met383Lys	0.0408965752673
p.Met383Pro	-0.734143451872
p.Met383Ser	-0.37116027872
p.Met383Thr	0.847764266728
p.Met383Tyr	-0.616456694591
p.Met383Val	-0.280157776003
p.Met469Ala	-0.122712604885
p.Met469Arg	0.0142767405716
p.Met469Asp	-0.573661241155
p.Met469Cys	-0.19663910389
p.Met469Gln	0.185713711239
p.Met469Glu	0.0273492103488
p.Met469Gly	-0.529127401734
p.Met469His	-0.164382663082
p.Met469Ile	-0.323312612984
p.Met469Leu	-0.144050860649
p.Met469Phe	-0.233015655747
p.Met469Pro	-0.879990544061
p.Met469Ser	-0.249883914644
p.Met469Ter	-0.652762806724
p.Met469Thr	-0.22894663071
p.Met469Tyr	-0.193216892813
p.Met469Val	-0.273381598531
p.Met484Ala	-0.328938126069
p.Met484Arg	-0.733917380209
p.Met484Asp	-0.576316300614
p.Met484Cys	-0.159421737151
p.Met484Gln	-0.101327150198
p.Met484Glu	-0.0470909768335
p.Met484Gly	-0.675437764938
p.Met484His	-0.537341499324
p.Met484Ile	0.114669536131
p.Met484Leu	0.225135905322
p.Met484Lys	-0.400211525934
p.Met484Pro	-0.138498269429
p.Met484Ser	-0.232470161826
p.Met484Ter	-0.723336105157
p.Met484Thr	-0.271374288799
p.Met484Trp	-0.586333959335
p.Met484Tyr	-0.505352251435
p.Met484Val	-0.253678367085
p.Met498Ala	-0.22301931232
p.Met498Arg	-0.721812999474
p.Met498Asn	-0.141180481593
p.Met498Gln	-0.0669322362621
p.Met498Glu	-0.205776183995
p.Met498His	0.452767716632
p.Met498Ile	-0.0166984285594
p.Met498Leu	0.25598008224
p.Met498Pro	-0.371138368945
p.Met498Val	-0.161909017795
p.Phe281Ala	-0.545122384917
p.Phe281Arg	-0.607628872649
p.Phe281Asn	-0.669484651296
p.Phe281Cys	-0.629652850131
p.Phe281Gln	-0.55197854705
p.Phe281Glu	-0.681175169851
p.Phe281Gly	-0.676107163607
p.Phe281His	-0.296925381386
p.Phe281Leu	-0.58661903598
p.Phe281Ser	-0.637136485413
p.Phe281Thr	-0.823989367052
p.Phe281Tyr	-0.631709115015
p.Phe281Val	-0.828057111256
p.Phe310Glu	-0.600612613548
p.Phe310Gly	-0.649283072542
p.Phe310His	-0.68105852443
p.Phe310Leu	-0.518845954174
p.Phe310Met	-0.491088628182
p.Phe310Ter	-0.75340407006
p.Phe352Ala	0.00377890613715
p.Phe352Arg	-0.118641700084
p.Phe352Asn	-0.215038191279
p.Phe352Asp	-0.503026696012
p.Phe352Cys	0.166768209163
p.Phe352Gln	-0.256450307489
p.Phe352Glu	-0.283450778145
p.Phe352Gly	-0.40458172076
p.Phe352His	-0.119598154223
p.Phe352Ile	-0.193758992225
p.Phe352Leu	-0.0814262977179
p.Phe352Met	-0.0702504938699
p.Phe352Pro	0.0895792397366
p.Phe352Ser	-0.19570905178
p.Phe352Ter	-0.0325261498367
p.Phe352Thr	-0.032109194948
p.Phe352Tyr	-0.0109001511039
p.Phe352Val	0.125716292777
p.Phe408Ala	-0.390861242917
p.Phe408Arg	-0.619000445313
p.Phe408Asn	-1.11131446432
p.Phe408Gln	-0.587281611355
p.Phe408Gly	-0.814302327039
p.Phe408Leu	-0.618050557193
p.Phe408Lys	-0.649117694817
p.Phe408Met	-1.01285311682
p.Phe408Pro	-0.332860239277
p.Phe408Ser	-0.655394994569
p.Phe408Thr	-0.75060714944
p.Phe408Tyr	-0.63754732705
p.Phe427Ala	-0.699257397346
p.Phe427Arg	-0.761767483907
p.Phe427Asn	-0.577493176178
p.Phe427Asp	-0.801539111119
p.Phe427Cys	-0.579749934583
p.Phe427Gln	-0.771252246741
p.Phe427Glu	-0.759551932369
p.Phe427Gly	-0.720589347534
p.Phe427His	-0.572297655956
p.Phe427Ile	-0.445658061891
p.Phe427Leu	-0.411182238433
p.Phe427Lys	-0.77906943615
p.Phe427Met	-0.537252018892
p.Phe427Pro	-0.681409487243
p.Phe427Ser	-0.692792860698
p.Phe427Ter	-0.919316374304
p.Phe427Thr	-0.719627348011
p.Phe427Trp	-0.693549264073
p.Phe427Tyr	-0.59177501008
p.Phe427Val	-0.594891104967
p.Phe442Ala	-0.550075035978
p.Phe442Arg	-0.792735161656
p.Phe442Asn	0.531295629068
p.Phe442Asp	-0.613834681016
p.Phe442Cys	-0.0245602880305
p.Phe442Gln	-0.190015604479
p.Phe442Glu	-0.816640867445
p.Phe442Gly	-0.488458833972
p.Phe442His	-0.496145313091
p.Phe442Ile	-0.536912482454
p.Phe442Leu	-0.542855304977
p.Phe442Lys	-0.747016026919
p.Phe442Met	-0.545177739101
p.Phe442Pro	-0.513751054561
p.Phe442Ser	-0.212317712315
p.Phe442Ter	-0.746664266631
p.Phe442Thr	-0.475332201905
p.Phe442Tyr	-0.372900221202
p.Phe442Val	0.144877606716
p.Phe451Ala	-0.324113521235
p.Phe451Arg	-0.646615298047
p.Phe451Asn	-0.636156130556
p.Phe451Asp	-0.713102080838
p.Phe451Cys	-0.147865940553
p.Phe451Gln	-0.652012193515
p.Phe451Glu	-0.758536746593
p.Phe451Gly	-0.595545587558
p.Phe451His	-0.864066683473
p.Phe451Leu	0.455141283166
p.Phe451Lys	-0.504676139368
p.Phe451Met	0.0622662515782
p.Phe451Pro	-0.66804655228
p.Phe451Ser	-0.571069384177
p.Phe451Ter	-0.759659265209
p.Phe451Thr	-0.536906166102
p.Phe451Trp	0.0364950032394
p.Phe451Val	-0.446090357623
p.Phe512Ala	0.832292516307
p.Phe512Arg	-0.700554704414
p.Phe512Asn	0.0897764833872
p.Phe512Asp	-0.682520039642
p.Phe512Cys	-0.0295751870513
p.Phe512Gln	-0.42305654425
p.Phe512Gly	-0.414882313425
p.Phe512His	0.363175720276
p.Phe512Ile	0.994903130339
p.Phe512Leu	0.226227063576
p.Phe512Lys	-0.741407631958
p.Phe512Met	0.714550550611
p.Phe512Pro	1.89171743212
p.Phe512Ser	0.0714426856512
p.Phe512Ter	-0.790388681402
p.Phe512Thr	0.792650106022
p.Phe512Trp	2.8139537405
p.Phe512Tyr	0.228187003909
p.Phe512Val	1.21350351573
p.Phe518Ala	-0.272490192897
p.Phe518Arg	-0.362930444616
p.Phe518Asn	-0.321988031001
p.Phe518Asp	0.209464319303
p.Phe518Cys	-0.219821916111
p.Phe518Gln	-0.350216808893
p.Phe518Gly	-0.279591570069
p.Phe518Ile	0.00491074705034
p.Phe518Leu	0.187335149706
p.Phe518Lys	-0.343454901873
p.Phe518Met	-0.116848886592
p.Phe518Pro	-0.36963912912
p.Phe518Ser	-0.337121398015
p.Phe518Ter	-0.91477897165
p.Phe518Thr	-0.0742415176438
p.Phe518Trp	0.330479798605
p.Phe518Tyr	0.489360277919
p.Phe518Val	0.433434172091
p.Pro302Ala	0.258180227213
p.Pro302Arg	0.0297748668398
p.Pro302Asn	0.306204390525
p.Pro302Asp	0.965148962394
p.Pro302Cys	-0.0978646986241
p.Pro302Glu	0.543389084905
p.Pro302Gly	-0.152668803842
p.Pro302Ile	-0.411870252734
p.Pro302Leu	0.650288918995
p.Pro302Lys	0.115055189222
p.Pro302Met	-0.0508010830569
p.Pro302Phe	1.08373088225
p.Pro302Ser	0.0237094135717
p.Pro302Ter	-0.898353712108
p.Pro302Thr	0.0638327736364
p.Pro302Trp	1.21396091476
p.Pro302Tyr	3.3684926131
p.Pro302Val	0.189298280351
p.Pro307Ala	0.211306115019
p.Pro307Arg	0.371976844697
p.Pro307Asn	2.67490789324
p.Pro307Asp	0.261216055864
p.Pro307Cys	0.281155246591
p.Pro307Gln	0.562209283719
p.Pro307Glu	0.299097392731
p.Pro307Gly	-0.0421855994949
p.Pro307His	0.763768025954
p.Pro307Ile	-0.00554587754473
p.Pro307Leu	0.171830314626
p.Pro307Lys	0.168059682615
p.Pro307Met	0.106440104608
p.Pro307Phe	0.813279289644
p.Pro307Ser	0.867238327659
p.Pro307Ter	-0.815483754184
p.Pro307Thr	0.623067786625
p.Pro307Trp	1.47663181216
p.Pro307Tyr	0.984239149499
p.Pro307Val	-0.0145538990485
p.Pro336Arg	-0.56164760376
p.Pro336Asn	-0.187815674051
p.Pro336Gln	-0.545958373218
p.Pro336Ile	-0.629653502208
p.Pro336Lys	-0.512390755894
p.Pro336Met	-0.495571161989
p.Pro336Ser	-0.716173811396
p.Pro336Ter	-0.709040767091
p.Pro336Thr	-0.583493905044
p.Pro364Ala	-0.168656732077
p.Pro364Arg	-0.184804047896
p.Pro364Asn	0.209591360392
p.Pro364Asp	-0.283562902799
p.Pro364Cys	-0.137041395566
p.Pro364Gln	-0.168025921848
p.Pro364Glu	-0.294425945468
p.Pro364Gly	0.0242942339573
p.Pro364His	0.0045747798748
p.Pro364Ile	-0.363054790222
p.Pro364Leu	-0.150840325349
p.Pro364Lys	0.0259228610091
p.Pro364Met	-0.0979421119643
p.Pro364Ser	-0.193862262758
p.Pro364Thr	-0.00358217599305
p.Pro364Tyr	-0.118728272069
p.Pro364Val	-0.164598449299
p.Pro428Asn	-0.76653348112
p.Pro428His	-0.709084211266
p.Pro428Leu	-0.930523297194
p.Pro428Phe	-0.584259919483
p.Pro428Ser	-0.748467093378
p.Pro428Thr	-0.76217895025
p.Pro428Tyr	-0.741102300002
p.Pro434Ala	0.059021458206
p.Pro434Arg	-0.317140722056
p.Pro434Asp	-0.644870496708
p.Pro434Cys	-0.0833705170631
p.Pro434Glu	-0.077451643818
p.Pro434Gly	0.00206081141746
p.Pro434His	-0.154174722021
p.Pro434Ile	0.154547886738
p.Pro434Leu	-0.283261249618
p.Pro434Lys	-0.543877109939
p.Pro434Met	-0.37514333499
p.Pro434Phe	-0.236064280669
p.Pro434Ser	0.337317383263
p.Pro434Thr	0.487377864032
p.Pro434Trp	0.436418453848
p.Pro434Tyr	-0.0916316239504
p.Pro434Val	0.372293845491
p.Pro465Ala	-0.39377186244
p.Pro465Arg	-0.824595717461
p.Pro465Asn	-0.734876709497
p.Pro465Asp	-0.718159159584
p.Pro465Cys	-0.526974852413
p.Pro465Gln	-0.667220384252
p.Pro465Glu	-0.75363643167
p.Pro465Gly	-0.767128262282
p.Pro465His	-0.827824127673
p.Pro465Ile	-0.178788405261
p.Pro465Leu	-0.254640040616
p.Pro465Met	-0.394512088265
p.Pro465Phe	-0.717810493875
p.Pro465Ser	-0.714134323233
p.Pro465Ter	-0.632665198621
p.Pro465Thr	-0.506788362819
p.Pro465Trp	-0.465366844223
p.Pro465Tyr	-0.536898217469
p.Pro465Val	0.407543097971
p.Pro467Ala	-0.0288026343892
p.Pro467Arg	-0.340160762342
p.Pro467Asn	-0.490020359257
p.Pro467Asp	-0.119107995417
p.Pro467Cys	-0.133970947265
p.Pro467Gln	-0.189494396244
p.Pro467Glu	-0.290213765901
p.Pro467Gly	-0.142147512134
p.Pro467His	0.166004026761
p.Pro467Ile	-0.0525768895006
p.Pro467Leu	-0.171475347272
p.Pro467Lys	-0.239599001136
p.Pro467Met	0.0221817116203
p.Pro467Phe	-0.147819207718
p.Pro467Ser	-0.0616358880772
p.Pro467Ter	-0.859677711693
p.Pro467Thr	-0.221967139864
p.Pro467Tyr	0.316935585181
p.Pro467Val	-0.10689046181
p.Pro485Ala	-0.12296867575
p.Pro485Arg	-0.00520076199605
p.Pro485Asn	0.100078433509
p.Pro485Asp	-0.0601932616331
p.Pro485Cys	0.00603740720726
p.Pro485Gln	0.0174050433062
p.Pro485Glu	0.0817161842132
p.Pro485Gly	-0.170816507182
p.Pro485His	-0.325631334426
p.Pro485Ile	-0.074173330071
p.Pro485Leu	-0.144262855644
p.Pro485Lys	-0.0881433769659
p.Pro485Met	-0.0838180274098
p.Pro485Ser	-0.106653740954
p.Pro485Ter	-0.718045308138
p.Pro485Thr	-0.0449261299997
p.Pro485Trp	-0.0497497836223
p.Pro485Tyr	-0.1638491162
p.Pro485Val	-0.191807573812
p.Pro487Ala	-0.18654068663
p.Pro487Arg	-0.345106136602
p.Pro487Asn	-0.133636583637
p.Pro487Asp	-0.412223665729
p.Pro487Cys	1.00641277382
p.Pro487Glu	0.0113890061936
p.Pro487Gly	-0.166579181848
p.Pro487Ile	0.0822342960129
p.Pro487Leu	-0.265600071067
p.Pro487Lys	-0.727123926945
p.Pro487Met	0.233727638148
p.Pro487Phe	-0.38038949545
p.Pro487Ser	0.163083854618
p.Pro487Thr	-0.302037906662
p.Pro487Trp	-0.411084520185
p.Pro487Tyr	-0.299183274317
p.Pro487Val	-0.0445984199822
p.Pro488Ala	0.127985533214
p.Pro488Arg	0.284845525592
p.Pro488Asn	0.483793720172
p.Pro488Asp	-0.0330301017305
p.Pro488Cys	-0.0125042596169
p.Pro488Gly	-0.306412598213
p.Pro488His	0.0453305177774
p.Pro488Ile	0.87261025112
p.Pro488Lys	-0.151519636382
p.Pro488Met	-0.0884697960413
p.Pro488Ser	0.274006264995
p.Pro488Ter	-0.874727044058
p.Pro488Thr	0.0761795709748
p.Pro488Tyr	0.382612544344
p.Pro488Val	0.0780143032031
p.Pro491Ala	-0.0807473955295
p.Pro491Arg	-0.0187845104748
p.Pro491Asn	0.199700428145
p.Pro491Asp	-0.539561379415
p.Pro491Cys	-0.0293941963731
p.Pro491Gln	-0.314420762146
p.Pro491Glu	-0.448133247993
p.Pro491Gly	-0.370657894872
p.Pro491His	-0.220251019263
p.Pro491Ile	-0.118340379198
p.Pro491Leu	-0.133662731461
p.Pro491Lys	0.0123746604354
p.Pro491Met	-0.116158775873
p.Pro491Phe	-0.249034053901
p.Pro491Ser	-0.212988070019
p.Pro491Ter	-0.799921271638
p.Pro491Thr	0.0665308040016
p.Pro491Trp	-0.38721773578
p.Pro491Tyr	-0.0110804619742
p.Pro491Val	-0.070213594465
p.Pro506Ala	-0.00773568964831
p.Pro506Arg	0.329948170002
p.Pro506Asn	0.188203649552
p.Pro506Asp	0.217721867376
p.Pro506Cys	-0.0673023990343
p.Pro506Gln	0.212940905167
p.Pro506Glu	-0.126496843156
p.Pro506Gly	0.0282159118098
p.Pro506His	0.443851447126
p.Pro506Ile	0.308860432904
p.Pro506Leu	0.131175497198
p.Pro506Lys	0.443672658474
p.Pro506Met	0.148907522743
p.Pro506Phe	0.439277782951
p.Pro506Ser	-0.0320828075365
p.Pro506Ter	-0.612527463836
p.Pro506Thr	0.0460112537579
p.Pro506Trp	0.581447168494
p.Pro506Tyr	0.266844534353
p.Pro506Val	0.200181188849
p.Pro510Ala	-0.382070772086
p.Pro510Arg	-0.454550310669
p.Pro510Cys	-0.447593341762
p.Pro510Gln	-0.195457922387
p.Pro510Glu	0.186008894463
p.Pro510Gly	0.375055182963
p.Pro510Ile	1.03690754085
p.Pro510Leu	-0.0830746924821
p.Pro510Lys	-0.204364490795
p.Pro510Tyr	-1.0458203548
p.Pro510Val	-0.503398682925
p.Ser306Ala	-0.276573847961
p.Ser306Arg	0.0164891839699
p.Ser306Asn	-0.373609294581
p.Ser306Gln	-0.701832266976
p.Ser306Gly	-0.210392492618
p.Ser306Ile	-0.386202754056
p.Ser306Leu	-0.361000039358
p.Ser306Lys	-0.380900984821
p.Ser306Pro	-0.530105346024
p.Ser306Ter	-0.677554579251
p.Ser306Thr	1.14772094524
p.Ser306Trp	-0.439150538271
p.Ser306Tyr	-0.407794542521
p.Ser306Val	-0.573513659566
p.Ser333Ala	-0.502865888244
p.Ser333Arg	-0.410535662489
p.Ser333Asn	-0.579114840356
p.Ser333Asp	-0.495280226537
p.Ser333Gln	-0.326210153478
p.Ser333Glu	-0.0250407657873
p.Ser333Gly	-0.483363308562
p.Ser333His	0.377341809511
p.Ser333Ile	-0.48324064366
p.Ser333Leu	-0.632869037714
p.Ser333Lys	-0.392487734089
p.Ser333Met	-0.464848079344
p.Ser333Phe	-0.429061346908
p.Ser333Pro	-0.463935168492
p.Ser333Ter	-0.790002834921
p.Ser333Thr	-0.483106897801
p.Ser333Tyr	-0.297976712231
p.Ser333Val	-0.553147853695
p.Ser345Ala	0.550376534002
p.Ser345Arg	0.995605279528
p.Ser345Asn	0.346741609865
p.Ser345Asp	-0.129396064146
p.Ser345Cys	0.205854381571
p.Ser345Gln	0.88264683014
p.Ser345Gly	-0.332713960516
p.Ser345His	0.0988605723818
p.Ser345Ile	0.438963366502
p.Ser345Leu	0.917404005037
p.Ser345Met	0.159049862932
p.Ser345Pro	0.871522417457
p.Ser345Thr	0.136896900548
p.Ser345Tyr	0.629081706494
p.Ser345Val	0.622843034728
p.Ser348Ala	-0.434688721754
p.Ser348Arg	-0.708367993206
p.Ser348Asn	0.612448281338
p.Ser348Asp	2.86976541161
p.Ser348Cys	-0.131682703146
p.Ser348Gln	-0.454216571775
p.Ser348Glu	-0.709257989761
p.Ser348Gly	-0.614873251793
p.Ser348His	-0.678944341126
p.Ser348Ile	-0.776413370835
p.Ser348Leu	-0.688690167246
p.Ser348Lys	-0.697033333815
p.Ser348Met	-0.683385757483
p.Ser348Phe	-0.646056866957
p.Ser348Pro	-0.658781897172
p.Ser348Ter	-0.801019917903
p.Ser348Thr	-0.653652125368
p.Ser348Tyr	-0.745374033453
p.Ser348Val	-0.698553596473
p.Ser375Ala	-0.211910871351
p.Ser375Arg	0.121001757508
p.Ser375Asn	0.546893411648
p.Ser375Cys	0.598925477626
p.Ser375Gln	0.114731018495
p.Ser375Glu	0.0586418535641
p.Ser375Gly	-0.0673100845296
p.Ser375His	0.869546445149
p.Ser375Leu	0.176628227621
p.Ser375Met	0.0553147317118
p.Ser375Phe	0.40013311378
p.Ser375Pro	-0.301998104169
p.Ser375Thr	0.0698267738112
p.Ser375Trp	0.0779154920103
p.Ser375Val	0.230752636588
p.Ser446Arg	-0.694090191353
p.Ser446Ile	-0.268900746047
p.Ser446Leu	-0.298765286771
p.Ser446Pro	-0.781490053919
p.Ser446Thr	-0.325271899063
p.Ser446Tyr	-0.861069425816
p.Ser446Val	0.00276756947903
p.Ser450Ala	-0.480789905608
p.Ser450Arg	-0.769667400462
p.Ser450Asn	-0.606339865213
p.Ser450Asp	-0.750977649453
p.Ser450Cys	-0.539169874379
p.Ser450Gln	-0.613622608478
p.Ser450Glu	-0.597068008689
p.Ser450Gly	-0.460442899402
p.Ser450His	-0.656825436209
p.Ser450Ile	-0.588038313472
p.Ser450Leu	-0.679505352085
p.Ser450Lys	-0.70139928422
p.Ser450Met	0.113797371935
p.Ser450Phe	-0.67319843768
p.Ser450Pro	-0.729278923685
p.Ser450Ter	-0.741279940685
p.Ser450Thr	-0.359373851589
p.Ser450Tyr	-0.695184564765
p.Ser450Val	-0.788277998955
p.Thr288Ala	0.157816716739
p.Thr288Arg	0.0929493860648
p.Thr288Asn	0.0550436309057
p.Thr288Asp	0.26125466232
p.Thr288Cys	0.197331136348
p.Thr288Gln	0.18377786481
p.Thr288Glu	0.0710159561997
p.Thr288Gly	0.178628021775
p.Thr288His	0.104628985367
p.Thr288Ile	0.0714838606169
p.Thr288Leu	0.252393455966
p.Thr288Lys	0.300340653831
p.Thr288Met	-0.0807364542259
p.Thr288Phe	0.0988882691515
p.Thr288Pro	0.496167229512
p.Thr288Ser	-0.00126862153078
p.Thr288Ter	-0.80413737378
p.Thr288Trp	0.143328389875
p.Thr288Tyr	0.124287557552
p.Thr288Val	0.216514207372
p.Thr292Ala	0.0610214946625
p.Thr292Arg	0.222392460052
p.Thr292Asp	2.8944572582
p.Thr292Cys	0.235908960921
p.Thr292Gln	-0.0233664379494
p.Thr292Glu	0.0423962383416
p.Thr292Gly	-0.0195713367246
p.Thr292His	-0.0963880680358
p.Thr292Ile	0.17506433883
p.Thr292Leu	0.25754923512
p.Thr292Met	-0.0701635687353
p.Thr292Phe	0.357860872477
p.Thr292Pro	0.18794957318
p.Thr292Ser	0.0176283675416
p.Thr292Trp	0.990724435711
p.Thr292Tyr	0.285055444719
p.Thr292Val	0.355841532591
p.Thr293Ala	0.124818259418
p.Thr293Arg	0.391887030772
p.Thr293Asn	0.78101895213
p.Thr293Asp	0.463436725441
p.Thr293Cys	0.11976142653
p.Thr293Gln	-0.101058828729
p.Thr293Glu	0.362947374919
p.Thr293Gly	0.416252317481
p.Thr293His	0.0809361547258
p.Thr293Ile	0.0253604391762
p.Thr293Leu	-0.152390071832
p.Thr293Lys	0.00930319353252
p.Thr293Met	0.19222648099
p.Thr293Phe	-0.262049587686
p.Thr293Pro	-0.0642752396076
p.Thr293Ser	0.384431368802
p.Thr293Ter	-0.727671273906
p.Thr293Trp	0.640803013624
p.Thr293Tyr	0.0871773144138
p.Thr293Val	-0.0729289370488
p.Thr299Ala	-0.48829822662
p.Thr299Arg	1.52712178285
p.Thr299Asn	-0.164408666749
p.Thr299Asp	-0.165158681431
p.Thr299Cys	-0.33934917981
p.Thr299Glu	-0.368561069585
p.Thr299Gly	0.219065675725
p.Thr299His	0.607599455975
p.Thr299Ile	-0.540420091414
p.Thr299Leu	1.0622496545
p.Thr299Lys	0.80312741173
p.Thr299Met	1.11816038412
p.Thr299Phe	4.19847452224
p.Thr299Pro	-0.627584593694
p.Thr299Ser	-0.297420375148
p.Thr299Ter	-0.702197113559
p.Thr299Trp	0.0587083264043
p.Thr299Tyr	1.28950040231
p.Thr299Val	-0.540778565418
p.Thr304Ala	-0.352994017693
p.Thr304Arg	1.39016733234
p.Thr304Asp	-0.157955154741
p.Thr304Cys	-0.0986839327434
p.Thr304Gln	0.708497428141
p.Thr304Glu	-0.16178772179
p.Thr304Gly	-0.0556783722705
p.Thr304His	-0.108564484668
p.Thr304Ile	-0.495103947845
p.Thr304Leu	-0.478720700022
p.Thr304Lys	0.411069279223
p.Thr304Met	0.382610584532
p.Thr304Phe	-0.463415837567
p.Thr304Pro	0.0199198736454
p.Thr304Ser	-0.255557978736
p.Thr304Ter	-0.831292014274
p.Thr304Trp	-0.317719024143
p.Thr304Tyr	-0.307087987761
p.Thr304Val	-0.438360148406
p.Thr341Arg	0.0646971772897
p.Thr341Asn	-0.453628002325
p.Thr341Ile	2.57331002908
p.Thr357Ala	0.14344349565
p.Thr357Arg	0.185424576575
p.Thr357Asn	0.158183007202
p.Thr357Cys	0.146143828498
p.Thr357Gln	-0.0658122383445
p.Thr357Glu	-0.236560577575
p.Thr357Gly	-0.0154744605961
p.Thr357His	0.254011638687
p.Thr357Ile	0.267062987694
p.Thr357Leu	0.068244612256
p.Thr357Lys	0.0180833730876
p.Thr357Met	0.160049910588
p.Thr357Phe	-0.0598666089112
p.Thr357Pro	0.477051630926
p.Thr357Ser	0.576383304606
p.Thr357Ter	-0.82520188645400006
p.Thr357Tyr	-0.0240297547867
p.Thr357Val	0.0765899493392
p.Thr420Ala	-0.128245991579
p.Thr420Arg	-0.0668781650455
p.Thr420Asn	1.02291267318
p.Thr420Asp	-0.348737318698
p.Thr420Cys	0.015460471828
p.Thr420Gln	0.0629373618595
p.Thr420Glu	-0.331368549576
p.Thr420Gly	-0.602754793423
p.Thr420His	0.160145477067
p.Thr420Ile	1.23072770441
p.Thr420Leu	0.364013987589
p.Thr420Lys	-0.227469577061
p.Thr420Met	0.3485347911
p.Thr420Phe	0.199761984436
p.Thr420Pro	-0.689010849591
p.Thr420Ser	-0.131776351637
p.Thr420Ter	-0.761472621056
p.Thr420Trp	0.805407075974
p.Thr420Tyr	0.301156900305
p.Thr420Val	0.226936100972
p.Thr432Ala	-0.681965904041
p.Thr432Arg	-0.747487760197
p.Thr432Asn	-0.687228005168
p.Thr432Asp	-0.578001626712
p.Thr432Cys	-0.77955236469
p.Thr432Gln	-0.738353121555
p.Thr432Glu	-0.788481557501
p.Thr432Gly	-0.643782307795
p.Thr432His	-0.611744927407
p.Thr432Ile	-0.689827108519
p.Thr432Leu	-0.69199584659
p.Thr432Lys	-0.718085210228
p.Thr432Met	-0.634008605506
p.Thr432Phe	-0.686281513958
p.Thr432Pro	-0.859881901895
p.Thr432Ser	-0.5542913376
p.Thr432Ter	-0.672555049322
p.Thr432Trp	-0.689694547627
p.Thr432Tyr	-0.667191414084
p.Thr432Val	-0.686024026913
p.Thr443Ala	-0.139942786166
p.Thr443Arg	0.0729010991956
p.Thr443Asn	-0.24018524732
p.Thr443Asp	-0.106025939222
p.Thr443Cys	-0.0181244575117
p.Thr443Gln	0.021445817949
p.Thr443Glu	-0.363060465738
p.Thr443Gly	-0.0233655120904
p.Thr443His	0.234338900794
p.Thr443Leu	0.0600866446059
p.Thr443Lys	-0.072916909551
p.Thr443Met	0.262830283653
p.Thr443Phe	0.224172459993
p.Thr443Pro	-0.519804854288
p.Thr443Ser	-0.0756504976521
p.Thr443Ter	-0.899900939492
p.Thr443Trp	0.305725888537
p.Thr443Tyr	0.0365935664349
p.Thr443Val	0.374746689866
p.Thr456Ala	-0.234643984686
p.Thr456Arg	-0.138544172883
p.Thr456Asn	-0.167259726732
p.Thr456Asp	-0.186836766739
p.Thr456Cys	-0.262996800896
p.Thr456Gln	-0.220243647307
p.Thr456Glu	-0.313451372469
p.Thr456Gly	-0.151594844309
p.Thr456His	-0.412259674369
p.Thr456Ile	-0.177236318622
p.Thr456Leu	-0.408598606446
p.Thr456Lys	-0.356806019507
p.Thr456Met	0.117767040178
p.Thr456Phe	-0.35645280698
p.Thr456Pro	-0.552692738104
p.Thr456Ser	-0.25524976154
p.Thr456Ter	-0.764673173222
p.Thr456Val	-0.0305656175363
p.Thr459Ala	0.0275678365889
p.Thr459Arg	-0.415760605354
p.Thr459Asp	-0.44641696956
p.Thr459Cys	0.0115316343651
p.Thr459Gln	-0.473624420713
p.Thr459Glu	-0.0602296991878
p.Thr459Leu	-0.324681664046
p.Thr459Ser	-0.452146850176
p.Thr460Ala	-0.307831573449
p.Thr460Arg	-0.369346255492
p.Thr460Asn	0.120245021081
p.Thr460Asp	-0.230794427398
p.Thr460Cys	-0.174194629815
p.Thr460Gln	-0.0581705951749
p.Thr460Glu	-0.0525139163827
p.Thr460Gly	-0.17860465511
p.Thr460His	0.423569974547
p.Thr460Ile	0.151337298795
p.Thr460Leu	-0.0275446389898
p.Thr460Lys	0.0115629575685
p.Thr460Met	-0.263311008291
p.Thr460Phe	0.0814911395271
p.Thr460Pro	-0.761251904307
p.Thr460Ser	-0.002227354268
p.Thr460Ter	-0.674896400833
p.Thr460Trp	-0.167852674364
p.Thr460Tyr	0.0592610818189
p.Thr460Val	-0.299991898053
p.Thr511Ala	0.13345324306
p.Thr511Arg	0.107276701371
p.Thr511Asn	1.16643404427
p.Thr511Asp	0.665223772748
p.Thr511Cys	0.358213322781
p.Thr511Glu	0.499133585025
p.Thr511Gly	0.419591927494
p.Thr511His	0.780972249795
p.Thr511Ile	0.604930252133
p.Thr511Phe	0.589929349578
p.Thr511Pro	0.0890926995226
p.Thr511Ser	-0.0622997108825
p.Thr511Ter	-0.466423512322
p.Thr511Trp	0.453985305371
p.Thr511Tyr	0.352277920032
p.Thr511Val	0.547585899916
p.Trp285Ala	3.1501756537
p.Trp285Arg	4.37920298998
p.Trp285Asn	2.95595485529
p.Trp285Asp	2.25217570837
p.Trp285Cys	3.53642323254
p.Trp285Gln	3.5279714433
p.Trp285Glu	1.25550773186
p.Trp285Gly	0.513036416517
p.Trp285His	1.72050164508
p.Trp285Ile	2.59943514325
p.Trp285Leu	1.72808686874
p.Trp285Lys	4.46861191712
p.Trp285Met	2.82929350303
p.Trp285Phe	1.64772935983
p.Trp285Pro	-0.768022826073
p.Trp285Ser	4.04720729165
p.Trp285Ter	-0.823008209708
p.Trp285Thr	5.26347811617
p.Trp285Tyr	1.15086811643
p.Trp285Val	2.99213405789
p.Trp289Ala	0.0449896534578
p.Trp289Arg	0.15085793304
p.Trp289Asn	0.603469539141
p.Trp289Asp	0.370803352215
p.Trp289Cys	0.472836550553
p.Trp289Gln	0.279218980157
p.Trp289Glu	0.737273391625
p.Trp289Gly	-0.0111816826605
p.Trp289His	0.638284051259
p.Trp289Ile	-0.0230180486969
p.Trp289Leu	-0.232564302698
p.Trp289Lys	0.136843873274
p.Trp289Met	-0.14441589953200001
p.Trp289Phe	0.0051598466266
p.Trp289Pro	0.48205169474
p.Trp289Ser	-0.0281371564713
p.Trp289Ter	-0.991645497103
p.Trp289Thr	0.149845442546
p.Trp289Tyr	0.384807822315
p.Trp289Val	0.342556345138
p.Trp431Ala	-0.671065487756
p.Trp431Arg	-0.690438407775
p.Trp431Asn	-0.771770199551
p.Trp431Asp	-0.847609326998
p.Trp431Cys	-0.724778022724
p.Trp431Gln	-0.675205762699
p.Trp431Glu	-0.748463885838
p.Trp431Gly	-0.763675191334
p.Trp431His	-0.694196727956
p.Trp431Ile	-0.70734799983
p.Trp431Leu	-0.723375628052
p.Trp431Lys	-0.776169920626
p.Trp431Met	-0.707508518647
p.Trp431Phe	-0.668167037297
p.Trp431Pro	-0.806698042915
p.Trp431Ser	-0.715733202168
p.Trp431Ter	-0.815896184802
p.Trp431Thr	-0.732810945464
p.Trp431Tyr	-0.73146697046
p.Trp431Val	-0.681263706468
p.Trp449Ala	-0.757253770128
p.Trp449Arg	-0.793678405227
p.Trp449Asp	-0.68015392439
p.Trp449Cys	-0.623418979939
p.Trp449Gln	-0.799270633941
p.Trp449Glu	-0.744341968193
p.Trp449Gly	-0.670122444724
p.Trp449His	-0.443297592626
p.Trp449Leu	-0.72032170091
p.Trp449Lys	-0.604329727799
p.Trp449Met	-0.685226193092
p.Trp449Phe	0.255277870448
p.Trp449Pro	-0.708495569041
p.Trp449Ser	-0.71461406788
p.Trp449Ter	-0.912260029088
p.Trp449Thr	-0.936938104043
p.Trp449Tyr	-0.21501981116
p.Trp449Val	-0.626504394515
p.Trp502Ala	-0.392311308637
p.Trp502Arg	-0.771804572862
p.Trp502Asn	-0.0405950080176
p.Trp502Asp	-0.314880969429
p.Trp502Cys	-0.421701064591
p.Trp502Gln	-0.0379225785724
p.Trp502Glu	-0.122408725839
p.Trp502Gly	-0.226086601423
p.Trp502His	-0.363482711711
p.Trp502Ile	-0.757854395427
p.Trp502Leu	-0.49228538366
p.Trp502Lys	-0.960150704175
p.Trp502Met	-0.365233223454
p.Trp502Phe	-0.407628815443
p.Trp502Pro	-0.649116875631
p.Trp502Ser	-0.130871359842
p.Trp502Ter	-0.785317750324
p.Trp502Thr	-0.182809853843
p.Trp502Tyr	-0.273249508351
p.Trp502Val	-0.482756698546
p.Tyr329Ala	0.233667953119
p.Tyr329Arg	1.07892870243
p.Tyr329Asn	0.333289778524
p.Tyr329Asp	-0.207510821312
p.Tyr329Cys	0.280250672366
p.Tyr329Gln	0.12833105443
p.Tyr329Glu	0.391093612807
p.Tyr329Gly	0.34506146551
p.Tyr329His	0.104342144866
p.Tyr329Ile	0.836968255418
p.Tyr329Leu	0.773810736694
p.Tyr329Met	0.484236610161
p.Tyr329Phe	0.847331536561
p.Tyr329Pro	-0.505976279937
p.Tyr329Ser	-0.119625791404
p.Tyr329Ter	-0.745891538853
p.Tyr329Thr	0.478092019635
p.Tyr329Trp	0.37346190375
p.Tyr329Val	0.617285935439
p.Tyr338Cys	-0.556605742546
p.Tyr338Gln	0.181868743101
p.Tyr338Glu	-0.198672290434
p.Tyr338His	-0.312171502192
p.Tyr338Leu	0.659288292169
p.Tyr338Met	-0.185992173829
p.Tyr338Phe	0.225873537768
p.Tyr338Pro	-0.845662919666
p.Tyr338Ser	-0.537312598016
p.Tyr338Val	-1.28046967484
p.Tyr343Arg	4.59606816993
p.Tyr343Asn	1.61854237658
p.Tyr360Ala	-0.252123809223
p.Tyr360Asp	-0.120846168694
p.Tyr360Gly	-0.535154592615
p.Tyr360Ile	-0.491465184775
p.Tyr360Met	-0.21087844562
p.Tyr360Ter	-0.613824813042
p.Tyr360Val	-0.188739820589
p.Tyr379Ala	-0.134579946793
p.Tyr379Arg	-0.462317734291
p.Tyr379Asn	-0.388985320484
p.Tyr379Asp	-0.481892216777
p.Tyr379Cys	-0.631882504079
p.Tyr379Gln	0.00850883624223
p.Tyr379Glu	-0.243771028357
p.Tyr379His	-0.329837195646
p.Tyr379Ile	-0.326605079251
p.Tyr379Leu	-0.541883969063
p.Tyr379Lys	0.133922421756
p.Tyr379Met	-0.486902441777
p.Tyr379Phe	-0.315424343461
p.Tyr379Pro	-0.6073394307
p.Tyr379Ser	-0.382338710135
p.Tyr379Thr	-0.523694947927
p.Tyr379Trp	0.132318828096
p.Tyr379Val	-0.377925686467
p.Tyr385Ala	0.310307397763
p.Tyr385Arg	-0.66375173119
p.Tyr385Asp	-0.377720185849
p.Tyr385Cys	0.203834271475
p.Tyr385Gln	-0.812711993896
p.Tyr385Glu	2.54050114239
p.Tyr385His	0.023353400468
p.Tyr385Ile	0.793191200016
p.Tyr385Leu	0.305895971961
p.Tyr385Met	-0.228619433027
p.Tyr385Pro	-0.726328498479
p.Tyr385Thr	0.152401641832
p.Tyr385Trp	-0.519338622738
p.Tyr385Val	0.653886572775
p.Tyr419Ala	-0.546037152899
p.Tyr419Arg	-0.699983928374
p.Tyr419Asn	-0.55896479677
p.Tyr419Asp	-0.501528414436
p.Tyr419Cys	-0.656830562073
p.Tyr419Glu	-0.621051033446
p.Tyr419Gly	-0.683482574057
p.Tyr419His	-0.636457043875
p.Tyr419Ile	-0.625043892381
p.Tyr419Leu	-0.757190463822
p.Tyr419Lys	-0.608685817734
p.Tyr419Met	-0.489726303033
p.Tyr419Phe	-0.773515120976
p.Tyr419Pro	-0.58933089057
p.Tyr419Ser	-0.649791607799
p.Tyr419Ter	-0.760309214253
p.Tyr419Thr	-0.644745688537
p.Tyr419Trp	-0.448227499572
p.Tyr419Val	-0.639764854173
p.Tyr439Ala	-0.173181003311
p.Tyr439Arg	0.108414718159
p.Tyr439Asn	-0.107997832328
p.Tyr439Asp	-0.285222358391
p.Tyr439Cys	-0.272929199725
p.Tyr439Gln	0.151691384937
p.Tyr439Glu	-0.208131664925
p.Tyr439Gly	-0.113023946416
p.Tyr439His	-0.182653257761
p.Tyr439Ile	-0.147762754599
p.Tyr439Leu	-0.166794666716
p.Tyr439Lys	-0.0948944953782
p.Tyr439Met	0.108871743428
p.Tyr439Phe	-0.0583040722288
p.Tyr439Pro	-0.69232986059
p.Tyr439Ser	-0.160741255094
p.Tyr439Ter	-0.757969137298
p.Tyr439Thr	-0.0257535059789
p.Tyr439Trp	0.0150141449565
p.Tyr439Val	-0.164874327199
p.Tyr466Gly	-0.865414599499
p.Tyr466Leu	-0.498922836694
p.Tyr482Ala	-0.343140859382
p.Tyr482Arg	-0.279147752781
p.Tyr482Asn	-0.316493762071
p.Tyr482Asp	-0.516353483199
p.Tyr482Cys	-0.228633590787
p.Tyr482Gln	-0.229548185994
p.Tyr482Glu	-0.501262637214
p.Tyr482Gly	-0.392865383245
p.Tyr482His	-0.36893071656799997
p.Tyr482Ile	-0.392559836964
p.Tyr482Leu	-0.0484460333415
p.Tyr482Lys	-0.371062526398
p.Tyr482Met	-0.0542146637933
p.Tyr482Phe	-0.215353419214
p.Tyr482Pro	-0.655033721079
p.Tyr482Ser	-0.403954971964
p.Tyr482Ter	-0.696578369454
p.Tyr482Thr	-0.393619894325
p.Tyr482Trp	-0.287594886075
p.Tyr482Val	-0.355293517169
p.Tyr514Ala	0.152325842959
p.Tyr514Arg	0.38812956273
p.Tyr514Asn	2.44523835674
p.Tyr514Asp	-0.286426109382
p.Tyr514Gly	0.424511563577
p.Tyr514Ile	0.282416109155
p.Tyr514Leu	0.260671979886
p.Tyr514Met	0.349983690816
p.Tyr514Pro	0.812688436607
p.Tyr514Ser	0.117271904818
p.Tyr514Thr	0.03057683989
p.Tyr514Val	0.298047249322
p.Val274Ala	1.55526027908
p.Val274Arg	1.67370961768
p.Val274Asn	5.19684917712
p.Val274Cys	2.59796416699
p.Val274Glu	1.21524397071
p.Val274Gly	5.44830639056
p.Val274Ile	-0.331875371758
p.Val274Lys	1.05614380493
p.Val274Met	1.01972459828
p.Val274Pro	8.24342885614
p.Val274Ser	2.78626499039
p.Val274Ter	-0.667014160094
p.Val274Thr	0.605323594312
p.Val274Trp	4.46268950708
p.Val284Ala	-0.162845727191
p.Val284Arg	-0.695399800982
p.Val284Asn	-0.693667081477
p.Val284Asp	-0.731636088968
p.Val284Cys	-0.437481118948
p.Val284Gln	-0.506832631553
p.Val284Glu	-0.708674756206
p.Val284Gly	-0.520821314898
p.Val284His	-0.757316435584
p.Val284Ile	-0.591394821579
p.Val284Leu	-0.600525453099
p.Val284Lys	-0.640881778687
p.Val284Met	-0.822995841452
p.Val284Pro	-0.805755234821
p.Val284Ser	-0.489096709911
p.Val284Thr	-0.741539846269
p.Val284Trp	-0.742884874644
p.Val284Tyr	-0.759865366342
p.Val295Ala	-0.278239995822
p.Val295Arg	0.302007108664
p.Val295Asn	-0.53212574346
p.Val295Gln	-0.386372918067
p.Val295Gly	-0.247634115298
p.Val295Ile	-0.288117248921
p.Val295Leu	0.16665745259
p.Val295Lys	-0.0844582435562
p.Val295Met	0.0184113879503
p.Val295Phe	0.863210503733
p.Val295Ser	-0.194384060263
p.Val295Thr	0.11064365967
p.Val295Tyr	0.809642730397
p.Val316Ala	-0.267900182739
p.Val316Arg	-0.377434165291
p.Val316Asn	-0.536022971693
p.Val316Asp	-0.608334612008
p.Val316Cys	0.56151605697
p.Val316Gln	-0.739892415534
p.Val316Glu	-0.760095959181
p.Val316Gly	-0.704722228869
p.Val316His	-0.0643591746866
p.Val316Ile	0.749127436451
p.Val316Leu	-0.12337610582400001
p.Val316Lys	-0.62419905498
p.Val316Met	-0.23986540411
p.Val316Phe	-0.484214074448
p.Val316Pro	-0.661770515158
p.Val316Ser	-0.372954784466
p.Val316Ter	-1.04515314339
p.Val316Thr	-0.146030723332
p.Val316Tyr	-0.397499704419
p.Val326Ala	0.584912170993
p.Val326Arg	4.53215324141
p.Val326Cys	0.635192984938
p.Val326Gln	1.44129505347
p.Val326Glu	0.0102887527581
p.Val326Gly	0.879790940381
p.Val326His	1.11350584799
p.Val326Ile	0.548608085916
p.Val326Leu	3.25205910194
p.Val326Lys	2.12910709478
p.Val326Met	-0.0400821102563
p.Val326Phe	0.958084433675
p.Val326Pro	-0.501218203011
p.Val326Ser	1.03872888811
p.Val326Thr	0.120095953438
p.Val326Tyr	1.67115680065
p.Val331Arg	-0.197302352004
p.Val331Asp	-0.369853803829
p.Val331Cys	0.726217695617
p.Val331Gln	-0.333954313803
p.Val331Glu	-0.0482312629764
p.Val331Gly	-0.52530264722
p.Val331His	-0.587323546808
p.Val331Ile	-0.310227783684
p.Val331Leu	0.138830952729
p.Val331Met	1.75563914684
p.Val331Pro	-0.728293618863
p.Val331Thr	-0.251517186036
p.Val332Ala	0.0244662461964
p.Val332Gln	-0.466962197649
p.Val332Glu	-0.574419406273
p.Val332His	-0.139712837656
p.Val332Ile	-0.454118970642
p.Val332Leu	-0.429090598243
p.Val332Lys	-0.500758930303
p.Val332Phe	-0.52863528922
p.Val332Pro	-0.478678259749
p.Val332Ser	-0.465623521296
p.Val332Ter	-0.722529105492
p.Val332Thr	-0.226363272042
p.Val332Tyr	-0.456757887505
p.Val340Ala	-0.422403044109
p.Val340Arg	-0.81636120114
p.Val340Asn	-0.668165957149
p.Val340Asp	-0.773986423085
p.Val340Cys	0.0691029948102
p.Val340Gln	-0.668965848876
p.Val340Glu	-0.77260711499
p.Val340Gly	-0.445941220596
p.Val340His	-0.819576050953
p.Val340Ile	-0.220890411629
p.Val340Leu	-0.381614836451
p.Val340Lys	-0.664880757756
p.Val340Met	-0.189815245369
p.Val340Phe	-0.632597523832
p.Val340Pro	-0.787826924101
p.Val340Ser	-0.475215361083
p.Val340Ter	-0.779862149209
p.Val340Thr	0.270531179959
p.Val340Trp	-0.675363833829
p.Val340Tyr	-0.573091122235
p.Val367Arg	0.530811441693
p.Val367Asn	0.157063987092
p.Val367Asp	-0.565347827782
p.Val367Gln	0.114751616429
p.Val367Glu	-0.269940050019
p.Val367Gly	-0.0344282423926
p.Val367His	3.11180644117
p.Val367Ile	0.0395548422235
p.Val367Leu	0.141672864264
p.Val367Pro	-0.225712131661
p.Val367Ser	0.407859004462
p.Val367Ter	-0.750120040967
p.Val380Ala	-0.783614094405
p.Val380Arg	-0.753169380221
p.Val380Cys	-0.362828066837
p.Val380Gln	-0.467355698412
p.Val380Glu	-0.708487596401
p.Val380Gly	-0.737804925892
p.Val380His	-0.0942029193915
p.Val380Ile	-0.150316441171
p.Val380Leu	-0.531701047447
p.Val380Met	-0.0703189249636
p.Val380Phe	-0.308174738665
p.Val380Pro	-0.567792039775
p.Val380Ser	-0.479667906247
p.Val380Ter	-0.831809364032
p.Val380Thr	0.011475414423
p.Val380Trp	0.144196772943
p.Val380Tyr	-0.565488481536
p.Val386Ala	-0.50319349277
p.Val386Arg	-0.72784509394
p.Val386Asp	-0.681954667508
p.Val386Cys	-0.198881497255
p.Val386Gln	-0.671095900781
p.Val386Glu	-0.772445124308
p.Val386Gly	-0.494038364074
p.Val386His	-0.822252862908
p.Val386Ile	0.589489745169
p.Val386Leu	0.0192929482045
p.Val386Lys	-0.759592377502
p.Val386Met	-0.46347664154
p.Val386Phe	-0.45759233404
p.Val386Pro	-0.865064865973
p.Val386Ser	-0.544018298346
p.Val386Thr	-0.39624786569
p.Val386Trp	-0.82133533038
p.Val386Tyr	-0.666135889262
p.Val397Ala	-0.401408776902
p.Val397Arg	-0.554091853946
p.Val397Asn	-0.619670352865
p.Val397Asp	-0.304352110049
p.Val397Cys	-0.202162964516
p.Val397Gly	-0.545287569683
p.Val397His	-0.455780647087
p.Val397Ile	0.134443856433
p.Val397Leu	-0.185385065244
p.Val397Lys	-0.561667576195
p.Val397Met	-0.466876904988
p.Val397Phe	-0.396895740913
p.Val397Pro	-0.613571405671
p.Val397Ser	-0.41984219356
p.Val397Ter	-0.764081796233
p.Val397Thr	-0.499316065143
p.Val397Trp	0.39038567954
p.Val397Tyr	-0.355180715949
p.Val402Ala	0.197252607317
p.Val402Arg	0.619580504098
p.Val402Asn	0.972446135689
p.Val402Asp	0.20984246394
p.Val402Cys	0.102234929894
p.Val402Gln	0.0612332837294
p.Val402Gly	0.313446554068
p.Val402His	0.416569507607
p.Val402Leu	0.08527221303
p.Val402Lys	1.45819471305
p.Val402Met	0.0840692779079
p.Val402Pro	-0.38850970002
p.Val402Ser	0.156109317514
p.Val402Ter	-0.511230455211
p.Val402Thr	0.326812582726
p.Val402Tyr	-0.0436094072485
p.Val405Ala	-0.546308389603
p.Val405Arg	-0.686715159291
p.Val405Asn	-0.68861148612
p.Val405Asp	-0.782543993628
p.Val405Cys	-0.444637245342
p.Val405Gln	-0.714433095745
p.Val405Glu	-0.741331727241
p.Val405Gly	-0.627090072414
p.Val405His	-0.757450292184
p.Val405Ile	-0.330329160396
p.Val405Leu	-0.335516725803
p.Val405Lys	-1.00683255859
p.Val405Met	-0.513960906219
p.Val405Phe	-0.886051264445
p.Val405Pro	-0.727626828995
p.Val405Ser	-0.567620035259
p.Val405Thr	-0.439573595496
p.Val405Tyr	-0.600010225116
p.Val448Arg	0.253425336563
p.Val448Gly	-0.0320388820255
p.Val448Ile	0.0017245511347
p.Val448Leu	-0.27701401422
p.Val448Phe	-0.745035401821
p.Val448Pro	0.299330067866
p.Val448Thr	0.755197221363
p.Val448Tyr	0.744588015419
p.Val464Ala	0.157847937957
p.Val464Arg	1.03651232923
p.Val464Asn	0.0877120056466
p.Val464Asp	-0.0601740410853
p.Val464Cys	0.121914601641
p.Val464Glu	-0.208698188997
p.Val464Gly	0.390737512608
p.Val464His	0.890739509891
p.Val464Ile	0.273829308603
p.Val464Leu	0.124403891095
p.Val464Met	0.510089263742
p.Val464Phe	0.122681735017
p.Val464Pro	0.210197507286
p.Val464Ser	1.05644994136
p.Val464Thr	0.38581447759
p.Val464Trp	-0.322320616838
p.Val464Tyr	0.261909718111
p.Val470Ala	-0.0512778285626
p.Val470Arg	-0.166947048922
p.Val470Asp	-0.390684349211
p.Val470Cys	0.502292099421
p.Val470Gln	0.176411627132
p.Val470Glu	0.203112217217
p.Val470Gly	0.718056000927
p.Val470Leu	-0.149876196217
p.Val470Lys	-0.680382603183
p.Val470Met	0.0332273308782
p.Val470Phe	0.634106977378
p.Val470Pro	-0.294804067666
p.Val470Ser	0.476527545905
p.Val470Ter	-0.5956590321
p.Val470Trp	-0.139243988692
p.Val478Ala	-0.0240151072996
p.Val478Arg	-0.589684911284
p.Val478Asn	-0.281773308392
p.Val478Glu	-0.469101403895
p.Val478Gly	-0.6441602528
p.Val478His	-0.199905411564
p.Val478Ile	0.582299932681
p.Val478Leu	-0.195162832597
p.Val478Lys	-0.710517790887
p.Val478Met	-0.0604462065447
p.Val478Ser	0.11193687567
p.Val478Thr	0.46937528632
p.Val478Tyr	-0.152984324841
